Time,windSpeed (m/s),windDic (degree)
2019-01-01 0:00,3.55335,211.752
2019-01-01 1:00,3.66734,195.937
2019-01-01 2:00,3.96667,177.362
2019-01-01 3:00,5.15375,155.847
2019-01-01 4:00,7.60921,152.43
2019-01-01 5:00,7.89687,150.707
2019-01-01 6:00,8.472865,148.7105
2019-01-01 7:00,9.4138,147.2555
2019-01-01 8:00,10.258885,150.895
2019-01-01 9:00,10.56475,159.478
2019-01-01 10:00,12.179,167.928
2019-01-01 11:00,12.7772,170.5615
2019-01-01 12:00,11.4095,161.8906667
2019-01-01 13:00,12.13343333,147.2723333
2019-01-01 14:00,14.16193333,133.6816667
2019-01-01 15:00,14.42846667,127.6753333
2019-01-01 16:00,14.2098,123.1926667
2019-01-01 17:00,12.87343333,122.467
2019-01-01 18:00,10.88337,113.63225
2019-01-01 19:00,7.8640175,102.58615
2019-01-01 20:00,5.35127,71.257075
2019-01-01 21:00,3.67472375,99.076255
2019-01-01 22:00,7.83691,316.35975
2019-01-01 23:00,12.14435,306.96675
2019-01-02 0:00,13.33976,305.766
2019-01-02 1:00,17.27616,312.0682
2019-01-02 2:00,18.6845,311.8366
2019-01-02 3:00,17.96162,311.3676
2019-01-02 4:00,17.13574,311.18
2019-01-02 5:00,16.80402,311.6038
2019-01-02 6:00,16.49663333,311.5123333
2019-01-02 7:00,16.74255,312.9128333
2019-01-02 8:00,17.08828333,316.0636667
2019-01-02 9:00,16.7903,318.5698333
2019-01-02 10:00,15.89201667,320.202
2019-01-02 11:00,14.94141667,319.4003333
2019-01-02 12:00,13.82945714,317.72
2019-01-02 13:00,13.19362857,315.3314286
2019-01-02 14:00,12.37768571,313.3648571
2019-01-02 15:00,11.62051429,312.2325714
2019-01-02 16:00,10.93185714,311.1622857
2019-01-02 17:00,10.18922714,309.4768571
2019-01-02 18:00,9.4007425,306.370625
2019-01-02 19:00,8.8248525,305.051875
2019-01-02 20:00,8.73665625,305.209125
2019-01-02 21:00,8.68434,304.879375
2019-01-02 22:00,8.246925,306.963625
2019-01-02 23:00,8.0547175,312.294625
2019-01-03 0:00,7.68571,315.8555556
2019-01-03 1:00,7.5141575,316.757375
2019-01-03 2:00,7.0679725,313.7085
2019-01-03 3:00,6.33442375,312.583
2019-01-03 4:00,5.35528,303.60225
2019-01-03 5:00,4.89103875,291.786375
2019-01-03 6:00,4.390656667,282.312
2019-01-03 7:00,3.5435925,281.79625
2019-01-03 8:00,2.8235825,272.544375
2019-01-03 9:00,2.643651625,239.1105
2019-01-03 10:00,3.05591875,210.881625
2019-01-03 11:00,3.6940325,194.413625
2019-01-03 12:00,4.215126667,190.4264444
2019-01-03 13:00,4.52233625,182.49575
2019-01-03 14:00,4.9082175,171.742
2019-01-03 15:00,5.1110275,165.840625
2019-01-03 16:00,5.65507625,164.454375
2019-01-03 17:00,6.0573175,160.102625
2019-01-03 18:00,6.063433333,153.4627778
2019-01-03 19:00,6.31635125,143.176
2019-01-03 20:00,6.41136375,137.10275
2019-01-03 21:00,6.74924375,136.41125
2019-01-03 22:00,6.8645675,142.52125
2019-01-03 23:00,6.57371875,148.949125
2019-01-04 0:00,5.817484444,157.1612222
2019-01-04 1:00,5.4039525,165.821625
2019-01-04 2:00,5.098245,172.4215
2019-01-04 3:00,5.04921625,177.1215
2019-01-04 4:00,4.70351375,187.336625
2019-01-04 5:00,4.11816625,211.247625
2019-01-04 6:00,3.443246667,234.519
2019-01-04 7:00,3.12961,250.2485
2019-01-04 8:00,3.07246,252.550125
2019-01-04 9:00,3.32271375,249.6395
2019-01-04 10:00,3.34353375,239.204875
2019-01-04 11:00,3.74672625,229.645
2019-01-04 12:00,4.408154444,214.2882222
2019-01-04 13:00,4.92483125,208.661625
2019-01-04 14:00,5.38627,208.667625
2019-01-04 15:00,5.80652875,210.055125
2019-01-04 16:00,5.96352625,208.42625
2019-01-04 17:00,6.83608125,205.887625
2019-01-04 18:00,7.473918889,206.1895556
2019-01-04 19:00,8.3429425,203.258
2019-01-04 20:00,9.43988625,201.992125
2019-01-04 21:00,9.80877875,203.54625
2019-01-04 22:00,9.84231375,204.012625
2019-01-04 23:00,9.81173375,206.809
2019-01-05 0:00,9.57623,213.7668889
2019-01-05 1:00,9.27807,223.453625
2019-01-05 2:00,9.447665,234.48225
2019-01-05 3:00,9.57179125,242.061125
2019-01-05 4:00,9.25694625,248.747625
2019-01-05 5:00,8.67703625,252.9295
2019-01-05 6:00,7.794454444,254.0023333
2019-01-05 7:00,7.15128,256.08
2019-01-05 8:00,6.69841,256.061375
2019-01-05 9:00,6.24532625,256.37
2019-01-05 10:00,5.67223625,259.886375
2019-01-05 11:00,4.93251375,260.6975
2019-01-05 12:00,3.71298,257.7075556
2019-01-05 13:00,3.1167475,246.352625
2019-01-05 14:00,2.701995,241.055625
2019-01-05 15:00,1.797526875,230.3995
2019-01-05 16:00,1.239177375,158.515435
2019-01-05 17:00,1.57309925,134.3055875
2019-01-05 18:00,2.057860222,107.8919778
2019-01-05 19:00,2.7443875,93.82195
2019-01-05 20:00,3.90172625,91.0465875
2019-01-05 21:00,5.09110375,93.3123
2019-01-05 22:00,5.66053875,93.902
2019-01-05 23:00,6.136895,90.0409875
2019-01-06 0:00,6.521723333,83.80877778
2019-01-06 1:00,6.4112675,71.7223625
2019-01-06 2:00,6.57997,64.33855
2019-01-06 3:00,6.7194275,57.3464625
2019-01-06 4:00,7.15463625,48.3156375
2019-01-06 5:00,7.35776,42.5830125
2019-01-06 6:00,7.818672222,32.70615556
2019-01-06 7:00,8.7627075,18.401475
2019-01-06 8:00,9.67083375,13.89087375
2019-01-06 9:00,10.49470375,8.9148375
2019-01-06 10:00,11.39215875,94.95400375
2019-01-06 11:00,12.1076875,93.083135
2019-01-06 12:00,12.55024444,120.9188273
2019-01-06 13:00,12.8337625,311.1295836
2019-01-06 14:00,12.736975,350.807
2019-01-06 15:00,12.5246875,346.5895
2019-01-06 16:00,12.167925,341.4425
2019-01-06 17:00,11.7064125,336.8695
2019-01-06 18:00,10.87715889,329.7553333
2019-01-06 19:00,10.6395975,323.37225
2019-01-06 20:00,10.69671,317.00025
2019-01-06 21:00,10.99814,312.495875
2019-01-06 22:00,11.457875,310.388
2019-01-06 23:00,12.2894625,312.2305
2019-01-07 0:00,13.08268889,314.7376667
2019-01-07 1:00,14.5219125,317.67475
2019-01-07 2:00,15.41145,317.942375
2019-01-07 3:00,15.791875,319.7005
2019-01-07 4:00,16.3313,321.8005
2019-01-07 5:00,16.6932,322.725625
2019-01-07 6:00,16.86848889,322.8731111
2019-01-07 7:00,17.0838125,323.736
2019-01-07 8:00,17.1609875,324.102875
2019-01-07 9:00,17.1443625,324.41525
2019-01-07 10:00,16.9124,324.48825
2019-01-07 11:00,16.723,324.99875
2019-01-07 12:00,16.25513333,324.3766667
2019-01-07 13:00,16.2316625,323.931
2019-01-07 14:00,15.9753125,323.679125
2019-01-07 15:00,15.4255875,324.4565
2019-01-07 16:00,14.792225,325.7385
2019-01-07 17:00,14.2311,325.813
2019-01-07 18:00,13.57143333,325.6832222
2019-01-07 19:00,13.5156625,326.350125
2019-01-07 20:00,13.093675,326.719875
2019-01-07 21:00,12.4919375,327.912625
2019-01-07 22:00,11.8447,328.714375
2019-01-07 23:00,11.6812875,328.3285
2019-01-08 0:00,11.27261778,327.5022222
2019-01-08 1:00,10.9416125,327.338
2019-01-08 2:00,10.4495125,330.528875
2019-01-08 3:00,9.78671125,332.503375
2019-01-08 4:00,8.99510625,331.71425
2019-01-08 5:00,8.1793,334.6585
2019-01-08 6:00,6.973252222,335.2857778
2019-01-08 7:00,6.50297375,338.500875
2019-01-08 8:00,5.36028375,333.43125
2019-01-08 9:00,4.15054,328.3375
2019-01-08 10:00,3.00388875,333.450875
2019-01-08 11:00,2.2324175,322.80525
2019-01-08 12:00,2.323322222,289.0588889
2019-01-08 13:00,1.54461725,268.783375
2019-01-08 14:00,1.82887625,243.719875
2019-01-08 15:00,1.75731125,205.077375
2019-01-08 16:00,1.95347875,193.619625
2019-01-08 17:00,2.88358875,174.691
2019-01-08 18:00,4.197533333,155.9582222
2019-01-08 19:00,5.569385,144.308875
2019-01-08 20:00,6.7589975,142.15925
2019-01-08 21:00,7.46331875,145.737875
2019-01-08 22:00,8.0916425,144.128375
2019-01-08 23:00,8.71259375,141.431625
2019-01-09 0:00,9.191674444,138.8653333
2019-01-09 1:00,9.69089625,140.042125
2019-01-09 2:00,9.94388625,142.780125
2019-01-09 3:00,10.080565,142.35225
2019-01-09 4:00,10.0557375,137.756125
2019-01-09 5:00,10.18977375,135.650375
2019-01-09 6:00,10.12855111,132.2387778
2019-01-09 7:00,10.56440125,128.701
2019-01-09 8:00,10.8865,123.5235
2019-01-09 9:00,11.539575,117.6145
2019-01-09 10:00,12.0943625,115.258125
2019-01-09 11:00,12.877075,112.892375
2019-01-09 12:00,13.5405,106.7568556
2019-01-09 13:00,14.3115625,104.424725
2019-01-09 14:00,14.944225,102.4275125
2019-01-09 15:00,15.6568375,102.8099625
2019-01-09 16:00,16.44185,102.3212125
2019-01-09 17:00,16.6479375,105.0946375
2019-01-09 18:00,16.96272222,105.4882778
2019-01-09 19:00,17.6209625,106.877975
2019-01-09 20:00,17.826625,108.6209625
2019-01-09 21:00,17.748525,111.3967875
2019-01-09 22:00,16.3184375,117.67525
2019-01-09 23:00,14.2400625,127.453125
2019-01-10 0:00,12.42105333,137.4918889
2019-01-10 1:00,11.2445875,145.91275
2019-01-10 2:00,10.492705,169.396625
2019-01-10 3:00,10.41390125,167.4185
2019-01-10 4:00,10.1279875,160.323875
2019-01-10 5:00,9.99761,156.575625
2019-01-10 6:00,10.02425444,157.8507778
2019-01-10 7:00,9.877495,163.0925
2019-01-10 8:00,9.89184625,165.55375
2019-01-10 9:00,9.65547875,174.2395
2019-01-10 10:00,9.82735125,187.870375
2019-01-10 11:00,9.9137375,199.335125
2019-01-10 12:00,9.805548889,204.9293333
2019-01-10 13:00,9.73563125,210.814375
2019-01-10 14:00,9.26333875,214.24775
2019-01-10 15:00,9.31124875,214.662875
2019-01-10 16:00,9.35462125,215.214875
2019-01-10 17:00,9.24295,216.2915
2019-01-10 18:00,8.946618889,218.4566667
2019-01-10 19:00,8.642435,226.148625
2019-01-10 20:00,8.43384875,229.681875
2019-01-10 21:00,8.28705875,229.591875
2019-01-10 22:00,8.10179,230.458375
2019-01-10 23:00,7.708665,234.459
2019-01-11 0:00,7.198963333,239.1263333
2019-01-11 1:00,6.83194125,246.06
2019-01-11 2:00,6.5988875,261.716
2019-01-11 3:00,6.75903125,269.97875
2019-01-11 4:00,7.12320625,271.690125
2019-01-11 5:00,7.5250325,272.15575
2019-01-11 6:00,7.91512,273.0142222
2019-01-11 7:00,8.6096375,273.454375
2019-01-11 8:00,9.51517375,275.00975
2019-01-11 9:00,10.258275,277.3405
2019-01-11 10:00,10.6180675,279.468375
2019-01-11 11:00,10.8506375,280.900375
2019-01-11 12:00,10.65671889,280.4407778
2019-01-11 13:00,10.383,278.253375
2019-01-11 14:00,10.16974375,273.309125
2019-01-11 15:00,10.01441125,268.174875
2019-01-11 16:00,9.8560575,264.04625
2019-01-11 17:00,9.981945,260.578375
2019-01-11 18:00,10.05291778,259.6893333
2019-01-11 19:00,10.34326875,261.9095
2019-01-11 20:00,10.4422225,264.142375
2019-01-11 21:00,10.57123,263.6265
2019-01-11 22:00,10.7823875,263.65875
2019-01-11 23:00,10.8336375,264.8915
2019-01-12 0:00,10.79998889,265.3806667
2019-01-12 1:00,10.901925,265.838625
2019-01-12 2:00,10.9005625,265.73575
2019-01-12 3:00,10.7973,265.5235
2019-01-12 4:00,10.6234625,264.196875
2019-01-12 5:00,10.714475,261.997125
2019-01-12 6:00,10.65920333,260.0917778
2019-01-12 7:00,10.72778125,258.579375
2019-01-12 8:00,10.97915,259.8895
2019-01-12 9:00,11.0437625,261.47225
2019-01-12 10:00,10.7438625,262.234625
2019-01-12 11:00,10.3941125,262.682
2019-01-12 12:00,10.11195556,261.9928889
2019-01-12 13:00,10.0958275,262.5035
2019-01-12 14:00,10.08319,262.802375
2019-01-12 15:00,9.821605,263.6565
2019-01-12 16:00,9.57058,264.034
2019-01-12 17:00,9.51250125,264.6505
2019-01-12 18:00,9.483938889,265.337
2019-01-12 19:00,9.523005,265.9955
2019-01-12 20:00,9.6794875,267.702875
2019-01-12 21:00,10.00345625,269.803875
2019-01-12 22:00,10.46722875,272.13925
2019-01-12 23:00,10.700825,276.490875
2019-01-13 0:00,10.60102556,280.6057778
2019-01-13 1:00,10.58769375,284.889375
2019-01-13 2:00,10.497095,286.724375
2019-01-13 3:00,10.44409,286.739375
2019-01-13 4:00,10.3940925,287.180625
2019-01-13 5:00,10.33469,289.488625
2019-01-13 6:00,10.02520556,289.7621111
2019-01-13 7:00,9.90017125,288.4655
2019-01-13 8:00,9.86927875,287.8825
2019-01-13 9:00,9.88150125,288.389875
2019-01-13 10:00,9.82177625,290.15
2019-01-13 11:00,9.68024625,290.870375
2019-01-13 12:00,9.427545556,289.9995556
2019-01-13 13:00,9.51845625,291.34875
2019-01-13 14:00,9.184525,292.50375
2019-01-13 15:00,8.70319875,294.397375
2019-01-13 16:00,8.1643375,297.21175
2019-01-13 17:00,7.46372875,298.76775
2019-01-13 18:00,6.667797778,294.9855556
2019-01-13 19:00,6.19877375,290.252125
2019-01-13 20:00,6.1047875,286.638875
2019-01-13 21:00,6.3988,285.53675
2019-01-13 22:00,6.80317625,286.96
2019-01-13 23:00,7.0490825,291.42675
2019-01-14 0:00,7.059945556,295.8415556
2019-01-14 1:00,7.44421375,301.440125
2019-01-14 2:00,7.82364625,306.57175
2019-01-14 3:00,7.5933325,306.2555
2019-01-14 4:00,7.320465,302.69175
2019-01-14 5:00,7.10594625,298.74025
2019-01-14 6:00,6.599588889,296.1001111
2019-01-14 7:00,6.4007325,291.14525
2019-01-14 8:00,5.95578125,286.458375
2019-01-14 9:00,5.52873875,281.58675
2019-01-14 10:00,5.27570375,278.9495
2019-01-14 11:00,4.77386125,265.03725
2019-01-14 12:00,4.342642222,257.3143333
2019-01-14 13:00,3.9752125,258.2895
2019-01-14 14:00,3.4731175,251.855375
2019-01-14 15:00,3.4812925,239.04025
2019-01-14 16:00,3.61124,226.915875
2019-01-14 17:00,3.7170125,215.988
2019-01-14 18:00,3.93863,200.7604444
2019-01-14 19:00,4.37181,190.62075
2019-01-14 20:00,5.2340775,185.49825
2019-01-14 21:00,5.78143625,191.441875
2019-01-14 22:00,5.54813625,201.369375
2019-01-14 23:00,6.03300125,205.025375
2019-01-15 0:00,5.552647778,213.954
2019-01-15 1:00,4.819215,224.92325
2019-01-15 2:00,4.3795875,231.2955
2019-01-15 3:00,4.10509625,253.62
2019-01-15 4:00,4.18740375,280.979
2019-01-15 5:00,4.34750875,304.2315
2019-01-15 6:00,4.368596667,289.2818556
2019-01-15 7:00,4.758065,341.1025
2019-01-15 8:00,5.293435,349.133875
2019-01-15 9:00,5.99744,349.105875
2019-01-15 10:00,6.7395475,301.3495989
2019-01-15 11:00,7.3437,340.8595
2019-01-15 12:00,7.670065,338.342875
2019-01-15 13:00,8.129148571,335.719
2019-01-15 14:00,8.40941,337.3788571
2019-01-15 15:00,8.703974286,340.8384286
2019-01-15 16:00,9.496788571,343.8812857
2019-01-15 17:00,9.638412857,344.3727143
2019-01-15 18:00,9.00167125,343.691625
2019-01-15 19:00,8.411417143,343.4241429
2019-01-15 20:00,7.486662857,344.0148571
2019-01-15 21:00,7.0043,341.9688571
2019-01-15 22:00,7.227874286,334.5488571
2019-01-15 23:00,7.322554286,331.2821429
2019-01-16 0:00,7.38665625,328.8585
2019-01-16 1:00,7.500001429,327.639
2019-01-16 2:00,6.97918,328.0072857
2019-01-16 3:00,6.246518571,326.3932857
2019-01-16 4:00,5.586687143,323.9628571
2019-01-16 5:00,4.81236,322.2162857
2019-01-16 6:00,4.10330125,314.376625
2019-01-16 7:00,3.37874,301.958
2019-01-16 8:00,2.632628571,283.6818571
2019-01-16 9:00,2.200963857,248.5151429
2019-01-16 10:00,2.81161,215.2224286
2019-01-16 11:00,4.003217143,197.7727143
2019-01-16 12:00,5.2577675,189.27625
2019-01-16 13:00,6.514548571,183.3884286
2019-01-16 14:00,7.037275714,176.2485714
2019-01-16 15:00,7.312811429,170.4771429
2019-01-16 16:00,8.020367143,164.9852857
2019-01-16 17:00,9.539594286,161.4418571
2019-01-16 18:00,10.6533925,161.948625
2019-01-16 19:00,11.86267143,164.2127143
2019-01-16 20:00,12.59801429,165.1388571
2019-01-16 21:00,12.77384286,169.3084286
2019-01-16 22:00,12.58532857,173.7722857
2019-01-16 23:00,11.62364286,185.0498571
2019-01-17 0:00,9.9180425,213.872625
2019-01-17 1:00,10.24245571,230.8872857
2019-01-17 2:00,11.33364429,236.0661429
2019-01-17 3:00,12.55618571,244.2375714
2019-01-17 4:00,13.23302857,260.9898571
2019-01-17 5:00,12.94708571,295.8975714
2019-01-17 6:00,14.2524375,289.547625
2019-01-17 7:00,13.64705714,284.0537143
2019-01-17 8:00,13.29994286,282.8234286
2019-01-17 9:00,12.97652857,282.3278571
2019-01-17 10:00,12.45584286,282.9037143
2019-01-17 11:00,11.89067143,282.3462857
2019-01-17 12:00,11.3040875,280.78925
2019-01-17 13:00,11.36595,278.35675
2019-01-17 14:00,11.4119375,279.138625
2019-01-17 15:00,11.1236125,283.028
2019-01-17 16:00,10.50156625,284.866875
2019-01-17 17:00,9.5124225,283.59525
2019-01-17 18:00,8.497191111,281.5133333
2019-01-17 19:00,7.6361725,278.929375
2019-01-17 20:00,7.33359375,273.053
2019-01-17 21:00,7.49074375,267.701
2019-01-17 22:00,7.81244125,263.52525
2019-01-17 23:00,8.02071625,262.921125
2019-01-18 0:00,8.031088889,266.0042222
2019-01-18 1:00,8.02410625,268.264
2019-01-18 2:00,7.35738125,270.012875
2019-01-18 3:00,6.448845,269.66375
2019-01-18 4:00,5.509125,267.11225
2019-01-18 5:00,5.0322825,259.565625
2019-01-18 6:00,5.039822222,247.9356667
2019-01-18 7:00,5.04694375,238.984
2019-01-18 8:00,4.63403875,231.202125
2019-01-18 9:00,4.27073375,221.019625
2019-01-18 10:00,4.1166175,209.2765
2019-01-18 11:00,4.150825,192.074625
2019-01-18 12:00,5.272124444,174.6486667
2019-01-18 13:00,6.379555,162.942125
2019-01-18 14:00,7.35741375,157.648
2019-01-18 15:00,8.3363075,155.3195
2019-01-18 16:00,9.10850875,155.41625
2019-01-18 17:00,9.66325625,155.7185
2019-01-18 18:00,9.85438125,155.22
2019-01-18 19:00,10.13994714,155.2565714
2019-01-18 20:00,10.49869571,154.6162857
2019-01-18 21:00,10.87329429,155.3937143
2019-01-18 22:00,11.05486571,158.544
2019-01-18 23:00,11.11748143,161.2238571
2019-01-19 0:00,11.18433143,164.1702857
2019-01-19 1:00,11.53035,166.8531667
2019-01-19 2:00,12.02158333,172.6466667
2019-01-19 3:00,12.2756,180.2293333
2019-01-19 4:00,12.20143333,186.706
2019-01-19 5:00,10.25298,210.5493333
2019-01-19 6:00,9.815876667,247.0621667
2019-01-19 7:00,11.81216,274.9188
2019-01-19 8:00,12.48154,285.608
2019-01-19 9:00,11.88798,298.8268
2019-01-19 10:00,11.7349,316.5576
2019-01-19 11:00,11.12164,333.2516
2019-01-19 12:00,11.76288,338.986
2019-01-19 13:00,11.93095,336.5805
2019-01-19 14:00,11.5887,329.85225
2019-01-19 15:00,10.4248825,326.277
2019-01-19 16:00,9.2846275,325.48175
2019-01-19 17:00,8.2895075,328.14175
2019-01-19 18:00,7.569825,331.14975
2019-01-19 19:00,7.281096667,334.393
2019-01-19 20:00,6.879193333,336.2396667
2019-01-19 21:00,6.636636667,337.3093333
2019-01-19 22:00,6.276366667,338.7816667
2019-01-19 23:00,6.06178,339.4556667
2019-01-20 0:00,6.045383333,341.8693333
2019-01-20 1:00,5.913595,341.7995
2019-01-20 2:00,5.903315,348.6335
2019-01-20 3:00,6.003805,350.29
2019-01-20 4:00,5.55743,357.0265
2019-01-20 5:00,4.945905,2.7851465
2019-01-20 6:00,4.42863,13.729275
2019-01-20 7:00,4.54189,22.0008
2019-01-20 8:00,4.14822,33.3599
2019-01-20 9:00,4.81775,23.867
2019-01-20 10:00,5.91116,40.5973
2019-01-20 11:00,6.60906,52.1404
2019-01-20 12:00,8.27552,62.6702
2019-01-23 0:00,13.5819,309.873
2019-01-23 1:00,13.8267,307.902
2019-01-23 2:00,13.6159,298.315
2019-01-23 3:00,13.0622,295.804
2019-01-23 4:00,12.4765,296.326
2019-01-23 5:00,11.8753,299.225
2019-01-23 6:00,10.026565,301.668
2019-01-23 7:00,9.63436,295.426
2019-01-23 8:00,8.04121,296.0185
2019-01-23 9:00,7.20046,292.546
2019-01-23 10:00,7.21466,286.8835
2019-01-23 11:00,6.198545,280.7055
2019-01-23 12:00,5.72704,253.52
2019-01-23 13:00,5.70802,232.8586667
2019-01-23 14:00,5.80094,221.5716667
2019-01-23 15:00,5.77838,220.0456667
2019-01-23 16:00,5.44521,214.4716667
2019-01-23 17:00,5.81694,208.416
2019-01-23 18:00,5.8107825,207.8895
2019-01-23 19:00,5.846665,200.86725
2019-01-23 20:00,6.22906,175.43525
2019-01-23 21:00,8.182765,159.766
2019-01-23 22:00,10.2069075,159.99775
2019-01-23 23:00,11.457125,163.947
2019-01-24 0:00,11.58494,163.6178
2019-01-24 1:00,11.60596,162.6274
2019-01-24 2:00,11.22658,163.6994
2019-01-24 3:00,10.82104,163.4578
2019-01-24 4:00,10.601022,162.734
2019-01-24 5:00,10.60722,165.3176
2019-01-24 6:00,10.12027833,173.1466667
2019-01-24 7:00,8.790518333,186.242
2019-01-24 8:00,6.96805,191.5843333
2019-01-24 9:00,6.346313333,195.0533333
2019-01-24 10:00,6.290118333,193.0001667
2019-01-24 11:00,6.659401667,192.0556667
2019-01-24 12:00,6.522574286,196.1325714
2019-01-24 13:00,7.037405714,196.5365714
2019-01-24 14:00,7.793961429,194.3131429
2019-01-24 15:00,8.492488571,190.7484286
2019-01-24 16:00,9.248874286,183.5247143
2019-01-24 17:00,10.23274429,176.2128571
2019-01-24 18:00,11.5119525,178.895625
2019-01-24 19:00,13.0433,182.155125
2019-01-24 20:00,14.23125,185.06075
2019-01-24 21:00,14.8373,188.2495
2019-01-24 22:00,15.4232375,184.714
2019-01-24 23:00,16.499525,179.887
2019-01-25 0:00,16.64627778,173.1162222
2019-01-25 1:00,17.570125,171.29475
2019-01-25 2:00,18.5463125,168.12075
2019-01-25 3:00,19.5238875,170.352875
2019-01-25 4:00,20.0180625,181.091625
2019-01-25 5:00,20.127125,193.218375
2019-01-25 6:00,19.12292222,207.2263333
2019-01-25 7:00,17.9892625,215.82225
2019-01-25 8:00,15.9794875,233.457875
2019-01-25 9:00,14.25665,241.530125
2019-01-25 10:00,13.994075,246.773125
2019-01-25 11:00,12.839425,252.74775
2019-01-25 12:00,11.31288889,257.003
2019-01-25 13:00,10.23303625,259.590875
2019-01-25 14:00,9.6044475,253.038125
2019-01-25 15:00,10.0014075,248.28625
2019-01-25 16:00,10.61498125,253.681375
2019-01-25 17:00,10.34844375,258.145125
2019-01-25 18:00,9.873734444,257.5156667
2019-01-25 19:00,9.290875,255.549875
2019-01-25 20:00,8.66318,251.8615
2019-01-25 21:00,8.58333875,249.992875
2019-01-25 22:00,8.6574325,250.753
2019-01-25 23:00,8.46602,252.21625
2019-01-26 0:00,7.966864444,252.3842222
2019-01-26 1:00,7.41602125,245.738625
2019-01-26 2:00,7.32247625,237.398625
2019-01-26 3:00,7.23592875,226.03575
2019-01-26 4:00,7.79833,231.202375
2019-01-26 5:00,8.209735,238.406625
2019-01-26 6:00,8.05133,244.6301111
2019-01-26 7:00,8.82026125,241.565375
2019-01-26 8:00,9.23071125,243.4125
2019-01-26 9:00,10.56280375,248.50775
2019-01-26 10:00,12.0431775,256.65575
2019-01-26 11:00,11.8456375,260.920125
2019-01-26 12:00,10.81547778,259.5782222
2019-01-26 13:00,9.98615,257.653625
2019-01-26 14:00,8.73717625,256.526125
2019-01-26 15:00,7.1270575,260.263
2019-01-26 16:00,5.54875125,261.155375
2019-01-26 17:00,4.2592275,248.718375
2019-01-26 18:00,3.600057778,227.1526667
2019-01-26 19:00,3.56758875,203.292625
2019-01-26 20:00,3.106755,191.98175
2019-01-26 21:00,2.60838375,190.84025
2019-01-26 22:00,2.076525,175.990875
2019-01-26 23:00,2.51287025,134.4607875
2019-01-27 0:00,3.394359778,105.3864778
2019-01-27 1:00,3.9847775,92.5964
2019-01-27 2:00,4.34851125,79.826625
2019-01-27 3:00,4.3059375,63.9288375
2019-01-27 4:00,4.35333875,43.996
2019-01-27 5:00,4.6059525,28.97447625
2019-01-27 6:00,4.77441,26.9111
2019-01-27 7:00,4.8635525,30.317075
2019-01-27 8:00,5.26237875,31.63427625
2019-01-27 9:00,5.28648125,37.0750375
2019-01-27 10:00,5.20875375,42.9846625
2019-01-27 11:00,5.16065,50.846425
2019-01-27 12:00,5.273064444,59.762
2019-01-27 13:00,4.91943875,67.1530375
2019-01-27 14:00,4.09716125,79.348975
2019-01-27 15:00,3.89666125,100.1899125
2019-01-27 16:00,4.11363875,123.4528125
2019-01-27 17:00,4.5520675,134.8525
2019-01-27 18:00,4.90749,133.244
2019-01-27 19:00,5.68509625,127.0375
2019-01-27 20:00,6.708055,122.6315
2019-01-27 21:00,8.29606625,122.554375
2019-01-27 22:00,9.5956875,126.3045
2019-01-27 23:00,10.90901875,132.0455
2019-01-28 0:00,12.21667778,140.8644444
2019-01-28 1:00,13.0970875,147.317875
2019-01-28 2:00,13.28285,152.0205
2019-01-28 3:00,13.4885125,156.08825
2019-01-28 4:00,13.5672125,160.303
2019-01-28 5:00,13.2010125,165.3965
2019-01-28 6:00,12.59708889,171.3764444
2019-01-28 7:00,12.0019125,176.752
2019-01-28 8:00,11.7781875,183.921375
2019-01-28 9:00,11.4528625,202.59275
2019-01-28 10:00,10.87666375,248.28875
2019-01-28 11:00,9.9830675,298.857875
2019-01-28 12:00,9.585045556,292.5766667
2019-01-28 13:00,9.49913875,287.844375
2019-01-28 14:00,9.94409,286.586
2019-01-28 15:00,9.9915025,286.201375
2019-01-28 16:00,9.1821475,283.19025
2019-01-28 17:00,8.921535,279.8295
2019-01-28 18:00,8.881101111,279.3668889
2019-01-28 19:00,9.0726925,284.618375
2019-01-28 20:00,9.5676375,295.41975
2019-01-28 21:00,9.22037,305.283625
2019-01-28 22:00,8.30579375,314.67275
2019-01-28 23:00,7.9767325,325.45025
2019-01-29 0:00,7.802101111,337.1523333
2019-01-29 1:00,7.61336,298.401035
2019-01-29 2:00,7.3756925,300.7576338
2019-01-29 3:00,7.62928,300.1955875
2019-01-29 4:00,8.15402125,299.0096963
2019-01-29 5:00,8.20408125,300.1054813
2019-01-29 6:00,8.16023,306.1717722
2019-01-29 7:00,8.38800375,304.2957288
2019-01-29 8:00,8.164995,310.919025
2019-01-29 9:00,7.67359625,136.1545963
2019-01-29 10:00,7.40016375,6.940275625
2019-01-29 11:00,7.2449975,12.36069625
2019-01-29 12:00,6.866308889,17.24612222
2019-01-29 13:00,6.46153625,25.4134125
2019-01-29 14:00,5.76977875,33.265875
2019-01-29 15:00,5.0844625,39.6193625
2019-01-29 16:00,4.3324675,45.8591
2019-01-29 17:00,3.8697025,50.9076625
2019-01-29 18:00,3.534215556,52.5865
2019-01-29 19:00,3.17558125,60.8082625
2019-01-29 20:00,3.50014875,66.701075
2019-01-29 21:00,3.64407875,68.110675
2019-01-29 22:00,3.6691875,66.5577375
2019-01-29 23:00,3.73011,61.9672625
2019-01-30 0:00,3.850208889,66.46222222
2019-01-30 1:00,4.4504825,74.7455125
2019-01-30 2:00,5.11614625,86.1578
2019-01-30 3:00,5.7218675,98.6760375
2019-01-30 4:00,6.34577125,113.21725
2019-01-30 5:00,7.00768,120.950125
2019-01-30 6:00,7.246288889,116.4841111
2019-01-30 7:00,7.4193575,115.2625
2019-01-30 8:00,6.6885575,116.495625
2019-01-30 9:00,7.5884875,111.2845
2019-01-30 10:00,8.431645,110.824375
2019-01-30 11:00,9.33477125,109.233
2019-01-30 12:00,9.683776667,111.3243333
2019-01-30 13:00,9.9783075,116.025875
2019-01-30 14:00,10.6706025,112.74375
2019-01-30 15:00,10.94298375,109.982625
2019-01-30 16:00,11.03848875,109.40075
2019-01-30 17:00,11.34225,116.31225
2019-01-30 18:00,12.20035222,124.0241111
2019-01-30 19:00,13.0205625,129.193625
2019-01-30 20:00,13.967375,133.4965
2019-01-30 21:00,14.6890625,137.53475
2019-01-30 22:00,14.3785125,146.510875
2019-01-30 23:00,13.7108875,162.78175
2019-01-31 0:00,15.1508,205.2755556
2019-01-31 1:00,15.59905,228.785875
2019-01-31 2:00,15.7086875,250.40225
2019-01-31 3:00,13.9273875,251.91825
2019-01-31 4:00,12.0322875,255.01675
2019-01-31 5:00,8.42249,258.306
2019-01-31 6:00,5.61926,246.569625
2019-01-31 7:00,2.973171143,234.8855714
2019-01-31 8:00,2.804654286,222.9795429
2019-01-31 9:00,4.125764286,256.3419714
2019-01-31 10:00,7.786671429,311.7767143
2019-01-31 11:00,11.12681286,301.6244286
2019-01-31 12:00,11.22451429,288.374
2019-01-31 13:00,10.97196333,269.7651667
2019-01-31 14:00,11.35955,259.1136667
2019-01-31 15:00,11.85991667,254.1038333
2019-01-31 16:00,12.27331667,250.6571667
2019-01-31 17:00,12.39318333,248.2878333
2019-01-31 18:00,12.17016667,245.9233333
2019-01-31 19:00,11.80772,242.6922
2019-01-31 20:00,12.33842,241.9834
2019-01-31 21:00,12.99412,244.5782
2019-01-31 22:00,13.05976,248.7968
2019-01-31 23:00,12.64436,250.7146
2019-02-01 0:00,12.88244,252.621
2019-02-01 1:00,13.075225,255.674
2019-02-01 2:00,13.17945,257.59575
2019-02-01 3:00,13.048325,255.313
2019-02-01 4:00,12.593975,252.60975
2019-02-01 5:00,11.9851,250.95075
2019-02-01 6:00,11.45185,248.9905
2019-02-01 7:00,11.5138,248.0153333
2019-02-01 8:00,11.53756667,246.175
2019-02-01 9:00,11.5276,245.065
2019-02-01 10:00,11.60906667,245.338
2019-02-01 11:00,11.65616667,243.317
2019-02-01 12:00,11.63336667,242.2673333
2019-02-01 13:00,11.6921,242.746
2019-02-01 14:00,11.51145,244.7795
2019-02-01 15:00,12.38405,248.329
2019-02-01 16:00,13.26385,253.29
2019-02-01 17:00,13.38395,254.1645
2019-02-01 18:00,13.1081,253.4375
2019-02-01 19:00,12.645,253.404
2019-02-01 20:00,12.2712,253.93
2019-02-01 21:00,11.9857,254.95
2019-02-01 22:00,11.9006,254.469
2019-02-01 23:00,11.6557,252.571
2019-02-02 0:00,11.5758,250.572
2019-05-01 0:00,10.7886,316.022
2019-05-01 1:00,11.5677,316.251
2019-05-01 2:00,10.796,315.957
2019-05-01 3:00,11.1524,312.502
2019-05-01 4:00,12.4614,311.056
2019-05-01 5:00,12.6455,312.487
2019-05-01 6:00,11.5346,310.032
2019-05-01 7:00,12.0189,307.3985
2019-05-01 8:00,12.21325,308.2705
2019-05-01 9:00,12.3678,309.8075
2019-05-01 10:00,12.4226,311.506
2019-05-01 11:00,12.2085,312.038
2019-05-01 12:00,11.64955,309.684
2019-05-01 13:00,11.2477,305.108
2019-05-01 14:00,10.7681,304.803
2019-05-01 15:00,10.2861,303.9115
2019-05-01 16:00,9.63148,305.511
2019-05-01 17:00,9.045585,307.2595
2019-05-01 18:00,8.371405,312.216
2019-05-01 19:00,8.19033,320.4115
2019-05-01 20:00,8.41122,330.1375
2019-05-01 21:00,8.653865,339.868
2019-05-01 22:00,8.968295,342.383
2019-05-01 23:00,9.66107,339.4695
2019-05-02 0:00,10.17035,333.453
2019-05-02 1:00,10.3443,329.873
2019-05-02 2:00,10.077845,325.0915
2019-05-02 3:00,9.78407,320.235
2019-05-02 4:00,9.54433,318.7825
2019-05-02 5:00,9.19842,319.485
2019-05-02 6:00,8.78695,321.4285
2019-05-02 7:00,8.45557,323.8865
2019-05-02 8:00,8.331715,328.363
2019-05-02 9:00,8.27862,334.495
2019-05-02 10:00,8.05431,336.268
2019-05-02 11:00,7.807,339.1645
2019-05-02 12:00,7.65214,341.279
2019-05-02 13:00,7.422855,343.7675
2019-05-02 14:00,6.979975,345.6625
2019-05-02 15:00,6.433235,346.627
2019-05-02 16:00,5.886475,348.309
2019-05-02 17:00,5.297245,351.8385
2019-05-02 18:00,4.70436,357.463
2019-05-02 19:00,4.13566,3.491845
2019-05-02 20:00,3.889945,15.8182
2019-05-02 21:00,4.01233,29.3933
2019-05-02 22:00,3.59129,34.5736
2019-05-02 23:00,2.99402,37.22545
2019-05-03 0:00,2.151855,35.3411
2019-05-03 1:00,0.762393,28.227
2019-05-03 2:00,0.322699,53.5612
2019-05-03 3:00,0.507121,156.186
2019-05-03 4:00,1.86648,223.96
2019-05-03 5:00,3.15191,239.031
2019-05-03 6:00,3.08839,240.208
2019-05-08 12:00,9.4591,299.913
2019-05-08 13:00,9.61907,298.624
2019-05-08 14:00,8.76079,297.427
2019-05-08 15:00,8.13836,300.435
2019-05-08 16:00,7.96599,312.403
2019-05-08 17:00,7.98752,322.601
2019-05-08 18:00,7.40008,327.4225
2019-05-08 19:00,7.696235,335.722
2019-05-08 20:00,8.483245,337.2475
2019-05-08 21:00,11.287435,337.339
2019-05-08 22:00,13.0566,335.276
2019-05-08 23:00,13.5184,332.993
2019-05-09 0:00,12.28993333,324.049
2019-05-09 1:00,11.73873333,318.9756667
2019-05-09 2:00,11.70636667,314.9893333
2019-05-09 3:00,12.22586667,314.2466667
2019-05-09 4:00,12.71253333,315.807
2019-05-09 5:00,13.1685,320.526
2019-05-09 6:00,12.3083875,322.3005
2019-05-09 7:00,12.5568,324.8645
2019-05-09 8:00,12.194025,326.87425
2019-05-09 9:00,11.728775,329.50225
2019-05-09 10:00,11.34915,334.35325
2019-05-09 11:00,10.990225,341.80875
2019-05-09 12:00,10.3755,349.5982
2019-05-09 13:00,9.721862,353.1328
2019-05-09 14:00,9.086024,355.3964
2019-05-09 15:00,8.829034,214.7589142
2019-05-09 16:00,8.714118,74.231039
2019-05-09 17:00,8.138694,5.2505122
2019-05-09 18:00,7.262266667,8.828955
2019-05-09 19:00,6.847778333,11.10202667
2019-05-09 20:00,6.453541667,14.87527167
2019-05-09 21:00,5.660963333,15.9541
2019-05-09 22:00,4.920831667,15.64811667
2019-05-09 23:00,4.403933333,22.38283333
2019-05-10 0:00,4.055571429,37.60928571
2019-05-10 1:00,3.665622857,55.3278
2019-05-10 2:00,3.77648,70.99181429
2019-05-10 3:00,3.992488571,83.3435
2019-05-10 4:00,3.363662857,99.03522857
2019-05-10 5:00,2.538018571,121.2367429
2019-05-10 6:00,2.0425325,143.234
2019-05-10 7:00,1.908695625,143.640125
2019-05-10 8:00,1.878305875,146.43065
2019-05-10 9:00,2.246752375,150.526125
2019-05-10 10:00,2.463622375,154.603875
2019-05-10 11:00,2.76720625,153.90225
2019-05-10 12:00,3.500765556,162.8664444
2019-05-10 13:00,3.9343575,172.9975
2019-05-10 14:00,4.24544125,170.29675
2019-05-10 15:00,4.4225375,164.264875
2019-05-10 16:00,5.01610625,157.387125
2019-05-10 17:00,5.3453025,157.73
2019-05-10 18:00,5.513667778,162.4407778
2019-05-10 19:00,5.92423875,166.91525
2019-05-10 20:00,6.631785,177.457125
2019-05-10 21:00,6.82671625,181.728625
2019-05-10 22:00,7.6006875,171.583
2019-05-10 23:00,8.20319625,167.060375
2019-05-11 0:00,8.580431111,163.5924444
2019-05-11 1:00,9.37021125,162.298125
2019-05-11 2:00,10.01862625,163.4395
2019-05-11 3:00,9.89355125,167.411875
2019-05-11 4:00,9.81527,171.229
2019-05-11 5:00,10.0573225,173.378125
2019-05-11 6:00,9.74136,170.308
2019-05-11 7:00,9.20558125,167.71
2019-05-11 8:00,8.708635,165.9015
2019-05-11 9:00,7.98337125,167.2
2019-05-11 10:00,7.33793125,169.878375
2019-05-11 11:00,6.76202625,175.5305
2019-05-11 12:00,5.95255,184.613
2019-05-11 13:00,5.43764875,195.986375
2019-05-11 14:00,5.372575,210.343125
2019-05-11 15:00,5.58228,236.77025
2019-05-11 16:00,6.68888,271.275
2019-05-11 17:00,8.0192725,285.262875
2019-05-11 18:00,9.145313333,296.7467778
2019-05-11 19:00,10.10724875,304.70425
2019-05-11 20:00,10.64861,300.343875
2019-05-11 21:00,11.5604375,302.357875
2019-05-11 22:00,11.4095125,300.24925
2019-05-11 23:00,11.711175,295.52325
2019-05-12 0:00,12.1155,293.8776667
2019-05-12 1:00,12.505575,294.083125
2019-05-12 2:00,12.7169875,293.415875
2019-05-12 3:00,13.0176125,294.582125
2019-05-12 4:00,12.986275,295.752125
2019-05-12 5:00,12.9279625,295.9725
2019-05-12 6:00,13.10685556,297.7236667
2019-05-12 7:00,13.4840625,297.441125
2019-05-12 8:00,13.4609125,298.94525
2019-05-12 9:00,13.247275,303.11875
2019-05-12 10:00,12.8042,306.228
2019-05-12 11:00,12.2032375,310.345
2019-05-12 12:00,11.44104444,317.5246667
2019-05-12 13:00,10.66251625,324.305625
2019-05-12 14:00,9.66808875,330.686625
2019-05-12 15:00,9.081845,296.891155
2019-05-12 16:00,8.4672025,259.5371838
2019-05-12 17:00,7.8515525,225.3406475
2019-05-12 18:00,7.647955556,50.45796333
2019-05-12 19:00,7.47909375,15.8515
2019-05-12 20:00,7.20759125,19.33885
2019-05-12 21:00,6.82042,22.7122875
2019-05-12 22:00,6.06568,27.606525
2019-05-12 23:00,5.62348375,33.4420125
2019-05-13 0:00,5.551288889,42.80878889
2019-05-13 1:00,5.20882,50.7756875
2019-05-13 2:00,5.09766125,55.253525
2019-05-13 3:00,4.98437875,59.351375
2019-05-13 4:00,4.75943875,63.60785
2019-05-13 5:00,4.52528375,65.2380875
2019-05-13 6:00,4.430408889,60.81876667
2019-05-13 7:00,4.35908625,55.769925
2019-05-13 8:00,4.55984125,59.4195375
2019-05-13 9:00,4.62096,64.80015
2019-05-13 10:00,4.3886375,68.3310875
2019-05-13 11:00,3.99688625,68.396225
2019-05-13 12:00,3.837828889,66.43612222
2019-05-13 13:00,3.64626125,64.8324125
2019-05-13 14:00,3.945075,60.969375
2019-05-13 15:00,4.274495,63.162125
2019-05-13 16:00,4.55572625,66.8383125
2019-05-13 17:00,5.062425,74.491
2019-05-13 18:00,5.555145,81.2875375
2019-05-13 19:00,5.652195714,82.84451429
2019-05-13 20:00,5.834042857,84.21177143
2019-05-13 21:00,6.007891429,85.5385
2019-05-13 22:00,6.352645714,84.37102857
2019-05-13 23:00,6.553808571,86.30532857
2019-05-14 0:00,6.835394286,88.64778571
2019-05-14 1:00,7.02951,91.13425
2019-05-14 2:00,7.389315,91.35803333
2019-05-14 3:00,7.443113333,92.37893333
2019-05-14 4:00,7.176268333,92.2464
2019-05-14 5:00,7.228868333,90.58811667
2019-05-14 6:00,7.190378333,93.10631667
2019-05-14 7:00,6.798746,98.251
2019-05-14 8:00,6.574088,99.27192
2019-05-14 9:00,6.277916,96.11482
2019-05-14 10:00,6.287218,92.88
2019-05-14 11:00,5.809322,91.94102
2019-05-14 12:00,5.14409,91.21136667
2019-05-14 13:00,5.860312,91.75096
2019-05-14 14:00,6.4897,91.31116
2019-05-14 15:00,6.829928,93.26216
2019-05-14 16:00,7.418482,82.19866
2019-05-14 17:00,7.32238,79.89584
2019-05-14 18:00,7.970823333,79.61356667
2019-05-14 19:00,7.727162,81.06394
2019-05-14 20:00,6.898744,81.7574
2019-05-14 21:00,6.269066,83.23114
2019-05-14 22:00,6.05701,82.08514
2019-05-14 23:00,5.976754,78.61706
2019-05-15 0:00,6.618955,67.33165
2019-05-15 1:00,7.347008,63.18422
2019-05-15 2:00,8.553388,67.04344
2019-05-15 3:00,9.511744,65.54348
2019-05-15 4:00,10.161746,60.56364
2019-05-15 5:00,10.706566,56.71216
2019-05-15 6:00,11.10328333,59.53723333
2019-05-15 7:00,11.65088,62.91348
2019-05-15 8:00,11.73594,63.05084
2019-05-15 9:00,11.69378,63.24892
2019-05-15 10:00,11.80356,63.61588
2019-05-15 11:00,11.80778,64.32918
2019-05-15 12:00,11.6082,62.91371667
2019-05-15 13:00,10.97702,64.24932
2019-05-15 14:00,10.9001,65.23664
2019-05-15 15:00,10.81728,67.11882
2019-05-15 16:00,10.258894,67.97306
2019-05-15 17:00,9.554642,66.60768
2019-05-15 18:00,9.117961667,64.34338333
2019-05-15 19:00,8.66483,60.26008333
2019-05-15 20:00,8.346798333,57.66868333
2019-05-15 21:00,7.793751667,54.43251667
2019-05-15 22:00,7.643911667,50.71178333
2019-05-15 23:00,7.657516667,45.3726
2019-05-16 0:00,7.635505714,40.97381429
2019-05-16 1:00,7.615625714,35.03248571
2019-05-16 2:00,7.566397143,30.1076
2019-05-16 3:00,7.577732857,25.86398571
2019-05-16 4:00,7.178557143,22.64328571
2019-05-16 5:00,6.731162857,17.66235286
2019-05-16 6:00,6.3247325,55.474695
2019-05-16 7:00,6.37033125,226.9910225
2019-05-16 8:00,6.40303,309.1082455
2019-05-16 9:00,6.29989875,348.89975
2019-05-16 10:00,6.13929625,344.0605
2019-05-16 11:00,5.95337375,339.379625
2019-05-16 12:00,6.012712222,337.7483333
2019-05-16 13:00,6.03043125,335.741375
2019-05-16 14:00,6.21514125,332.43525
2019-05-16 15:00,6.48461875,332.542125
2019-05-16 16:00,6.45624875,332.92875
2019-05-16 17:00,6.32579125,334.058875
2019-05-16 18:00,6.245682222,335.0068889
2019-05-16 19:00,5.94373625,334.847125
2019-05-16 20:00,5.40783125,334.80475
2019-05-16 21:00,4.767665,335.8985
2019-05-16 22:00,4.20364,337.460125
2019-05-16 23:00,3.770005,339.62775
2019-05-17 0:00,3.145084444,341.635
2019-05-17 1:00,2.877175,338.749125
2019-05-17 2:00,2.23258625,339.38375
2019-05-17 3:00,1.63857625,335.501625
2019-05-17 4:00,1.289661,290.810475
2019-05-17 5:00,1.012265,235.8260375
2019-05-17 6:00,1.051380778,232.7726556
2019-05-17 7:00,1.324969875,202.701555
2019-05-17 8:00,1.4636295,164.7661113
2019-05-17 9:00,1.7300535,169.9524875
2019-05-17 10:00,1.828918125,141.0770125
2019-05-17 11:00,1.760130125,128.0204
2019-05-17 12:00,1.664838,171.8938667
2019-05-17 13:00,2.06306375,174.574825
2019-05-17 14:00,2.34921,173.67875
2019-05-17 15:00,2.08650425,173.0115875
2019-05-17 16:00,1.935500375,168.21255
2019-05-17 17:00,1.852587,161.23879
2019-05-17 18:00,1.691336222,192.9787556
2019-05-17 19:00,1.628819875,185.0932875
2019-05-17 20:00,1.731853,97.4134175
2019-05-17 21:00,2.090072625,84.05815
2019-05-17 22:00,3.00325875,83.95765
2019-05-17 23:00,4.2229675,83.0871625
2019-05-18 0:00,5.705823333,86.7653
2019-05-18 1:00,6.66888375,92.812775
2019-05-18 2:00,6.83883125,92.9836
2019-05-18 3:00,6.98303875,90.3419875
2019-05-18 4:00,7.25115125,85.3154125
2019-05-18 5:00,7.794465,77.7592375
2019-05-18 6:00,7.999957778,75.16295556
2019-05-18 7:00,8.60535875,68.2789125
2019-05-18 8:00,8.616735,60.522575
2019-05-18 9:00,9.21474375,51.9479375
2019-05-18 10:00,9.38865875,45.1839
2019-05-18 11:00,9.50950625,34.3948625
2019-05-18 12:00,9.776693333,26.4922
2019-05-18 13:00,10.04589375,21.3028425
2019-05-18 14:00,10.27346875,16.285415
2019-05-18 15:00,10.57249125,10.13193125
2019-05-18 16:00,10.69528625,6.1444425
2019-05-18 17:00,10.59936625,136.7476475
2019-05-18 18:00,10.42593778,160.9375611
2019-05-18 19:00,10.4508225,46.79543263
2019-05-18 20:00,9.9447625,135.9703834
2019-05-18 21:00,9.5884775,179.7649619
2019-05-18 22:00,9.48052875,269.0002808
2019-05-18 23:00,8.82582625,136.1585126
2019-05-19 0:00,7.774554444,123.0402129
2019-05-19 1:00,7.2457275,311.0336938
2019-05-19 2:00,7.39784,350.801
2019-05-19 3:00,7.60914875,304.1466313
2019-05-19 4:00,7.36172625,304.907155
2019-05-19 5:00,6.8067225,300.8986725
2019-05-19 6:00,6.135738889,333.0703333
2019-05-19 7:00,6.16184625,322.48275
2019-05-19 8:00,6.10619375,323.5365
2019-05-19 9:00,5.6989675,325.923875
2019-05-19 10:00,5.05063625,328.518375
2019-05-19 11:00,4.225225,331.36575
2019-05-19 12:00,3.708955556,331.2887778
2019-05-19 13:00,3.42952,288.379
2019-05-19 14:00,3.18577625,335.99
2019-05-19 15:00,2.98359625,336.239375
2019-05-19 16:00,2.762205,299.0869075
2019-05-19 17:00,2.56467125,134.0177613
2019-05-19 18:00,2.531030444,129.0118089
2019-05-19 19:00,2.4485295,62.109475
2019-05-19 20:00,2.0881835,114.6458125
2019-05-19 21:00,1.935901375,112.1062875
2019-05-19 22:00,2.8065305,115.2616125
2019-05-19 23:00,3.79873875,130.08425
2019-05-20 0:00,4.492284444,124.5121111
2019-05-20 1:00,5.1322875,122.5095
2019-05-20 2:00,5.37576625,128.326625
2019-05-20 3:00,5.61281125,137.096375
2019-05-20 4:00,5.2831825,150.41725
2019-05-20 5:00,5.18724125,160.39775
2019-05-20 6:00,4.475642222,163.3295556
2019-05-20 7:00,4.35770125,153.91975
2019-05-20 8:00,5.5014525,151.104375
2019-05-20 9:00,5.73022,143.4675
2019-05-20 10:00,6.07524875,139.533625
2019-05-20 11:00,6.86312125,132.9535
2019-05-20 12:00,7.999451111,118.9206667
2019-05-20 13:00,10.08819,116.02625
2019-05-20 14:00,11.03692625,119.28775
2019-05-20 15:00,9.81702,129.68825
2019-05-20 16:00,10.53553375,129.551375
2019-05-20 17:00,9.92037625,132.25325
2019-05-20 18:00,8.47076,131.8832222
2019-05-20 19:00,6.68754,125.561375
2019-05-20 20:00,5.72705125,124.35975
2019-05-20 21:00,5.277755,111.285
2019-05-20 22:00,5.44623125,93.860925
2019-05-20 23:00,6.83137,81.5980125
2019-05-21 0:00,6.952696667,84.05432222
2019-05-21 1:00,6.797155,79.884275
2019-05-21 2:00,7.86028625,92.62525
2019-05-21 3:00,7.09493625,95.070175
2019-05-21 4:00,6.10663125,129.132875
2019-05-21 5:00,6.5060975,92.4868625
2019-05-21 6:00,4.92617,85.79895556
2019-05-21 7:00,5.49462625,67.9520875
2019-05-21 8:00,5.727455,69.6059
2019-05-21 9:00,5.76984125,70.2120125
2019-05-21 10:00,5.638095,77.6501125
2019-05-21 11:00,5.1763225,77.225175
2019-05-21 12:00,4.776967778,74.30577778
2019-05-21 13:00,4.15307375,76.66245375
2019-05-21 14:00,4.09659625,58.60698375
2019-05-21 15:00,4.57550625,80.9711425
2019-05-21 16:00,4.69481375,36.32989125
2019-05-21 17:00,5.58744,26.1841725
2019-05-21 18:00,5.059834444,140.3639244
2019-05-21 19:00,5.56025375,189.0946875
2019-05-21 20:00,6.51823,305.0565975
2019-05-21 21:00,8.26417625,348.185375
2019-05-21 22:00,10.3478675,266.21436
2019-05-21 23:00,12.5851525,8.76892325
2019-05-22 0:00,15.21071111,13.75640333
2019-05-22 1:00,17.2521875,13.61481375
2019-05-22 2:00,18.0273125,11.6091675
2019-05-22 3:00,17.65715,10.79353125
2019-05-22 4:00,17.069275,10.8608875
2019-05-22 5:00,16.422325,9.83936
2019-05-22 6:00,15.82106667,8.849053333
2019-05-22 7:00,15.767175,8.71837125
2019-05-22 8:00,15.6246125,9.35594625
2019-05-22 9:00,15.3893375,11.60719875
2019-05-22 10:00,15.21075,14.5102125
2019-05-22 11:00,14.843475,17.0516
2019-05-22 12:00,13.9314,17.82805556
2019-05-22 13:00,12.9870875,15.00875
2019-05-22 14:00,12.4298375,12.921375
2019-05-22 15:00,11.8804375,9.39202375
2019-05-22 16:00,11.4607875,5.19707625
2019-05-22 17:00,11.1313375,3.681945
2019-05-22 18:00,10.36111222,7.150085556
2019-05-22 19:00,9.38382625,52.9329925
2019-05-22 20:00,8.62576875,53.682698
2019-05-22 21:00,7.718265,54.6834935
2019-05-22 22:00,6.7949475,10.5627675
2019-05-22 23:00,5.80958125,141.3859388
2019-05-23 0:00,4.78006,231.4215244
2019-05-23 1:00,4.32879125,285.9985625
2019-05-23 2:00,4.689355,320.43025
2019-05-23 3:00,5.30949375,313.922625
2019-05-23 4:00,5.90763625,311.15225
2019-05-23 5:00,6.75238,310.623625
2019-05-23 6:00,7.25539,306.2858889
2019-05-23 7:00,7.69194875,305.962
2019-05-23 8:00,7.5898525,312.150625
2019-05-23 9:00,7.5618075,318.48725
2019-05-23 10:00,7.21881375,324.4475
2019-05-23 11:00,6.77524,327.376875
2019-05-23 12:00,6.111343333,337.845
2019-05-23 13:00,5.43512875,341.84075
2019-05-23 14:00,5.12230875,342.998125
2019-05-23 15:00,4.83745125,346.682
2019-05-23 16:00,4.44993125,222.6411588
2019-05-23 17:00,3.99225,269.1273825
2019-05-23 18:00,3.643998889,124.6105233
2019-05-23 19:00,3.67742,15.3502075
2019-05-23 20:00,3.35250625,22.762025
2019-05-23 21:00,2.92478,35.09427875
2019-05-23 22:00,2.4696975,63.5688875
2019-05-23 23:00,3.339743125,92.73875
2019-05-24 0:00,4.500462222,117.1741889
2019-05-24 1:00,5.84433875,120.163
2019-05-24 2:00,6.32028125,125.5895
2019-05-24 3:00,6.61923625,129.708
2019-05-24 4:00,6.8104025,130.054875
2019-05-24 5:00,6.67088625,132.659875
2019-05-24 6:00,6.671396667,130.1665556
2019-05-24 7:00,7.13647,122.027
2019-05-24 8:00,7.3000325,118.316875
2019-05-24 9:00,7.61896625,110.2437375
2019-05-24 10:00,7.22404625,111.0218875
2019-05-24 11:00,5.87696125,111.8237625
2019-05-24 12:00,5.05054,99.93117778
2019-05-24 13:00,4.80080625,89.2346125
2019-05-24 14:00,4.97632375,82.8941375
2019-05-24 15:00,5.12363875,73.3683375
2019-05-24 16:00,5.61613125,60.8859
2019-05-24 17:00,6.3124175,52.1995
2019-05-24 18:00,6.702858889,43.95462222
2019-05-24 19:00,6.850795,37.21245
2019-05-24 20:00,6.8615475,34.9019125
2019-05-24 21:00,6.52744,35.20565
2019-05-24 22:00,5.80685875,31.8638
2019-05-24 23:00,4.8928375,26.69655
2019-05-25 0:00,3.800631111,21.69390333
2019-05-25 1:00,3.09478625,96.69088
2019-05-25 2:00,3.23202,340.2035
2019-05-25 3:00,3.8817575,325.05725
2019-05-25 4:00,4.34397625,319
2019-05-25 5:00,4.58784625,313.048875
2019-05-25 6:00,4.667947778,303.6314444
2019-05-25 7:00,5.34206625,297.937625
2019-05-25 8:00,6.1434575,297.885
2019-05-25 9:00,6.4549825,301.659625
2019-05-25 10:00,6.11104125,310.43375
2019-05-25 11:00,5.1958725,321.87775
2019-05-25 12:00,4.549771111,325.0643333
2019-05-25 13:00,4.24521625,331.430375
2019-05-25 14:00,3.9052625,341.052125
2019-05-25 15:00,3.48963,169.9087438
2019-05-25 16:00,2.830825,176.8386263
2019-05-25 17:00,2.274690875,71.05941875
2019-05-25 18:00,2.266840667,111.8257178
2019-05-25 19:00,2.293906375,130.51417
2019-05-25 20:00,2.737268875,140.859825
2019-05-25 21:00,3.29813,140.601125
2019-05-25 22:00,4.30461875,136.478875
2019-05-25 23:00,5.382285,137.675375
2019-05-26 0:00,6.723053333,139.1642222
2019-05-26 1:00,7.74092125,144.913125
2019-05-26 2:00,8.598605,153.61725
2019-05-26 3:00,8.99488375,162.129125
2019-05-26 4:00,8.88987375,168.75525
2019-05-26 5:00,8.30590875,173.45875
2019-05-26 6:00,7.78498,173.7525556
2019-05-26 7:00,7.93121625,174.73875
2019-05-26 8:00,7.85022125,177.85525
2019-05-26 9:00,8.10480125,178.913875
2019-05-26 10:00,7.8578875,179.734625
2019-05-26 11:00,7.69873,179.878375
2019-05-26 12:00,7.468666667,178.3541111
2019-05-26 13:00,8.12902375,185.102625
2019-05-26 14:00,9.51565875,187.03525
2019-05-26 15:00,9.98231375,193.063875
2019-05-26 16:00,9.85274875,178.48225
2019-05-26 17:00,10.97449375,177.45475
2019-05-26 18:00,10.93730444,172.4196667
2019-05-26 19:00,11.14208625,163.26425
2019-05-26 20:00,11.367725,164.153375
2019-05-26 21:00,10.48637625,167.707125
2019-05-26 22:00,10.09676875,169.197625
2019-05-26 23:00,9.93748,167.32475
2019-05-27 0:00,9.627052222,167.366
2019-05-27 1:00,9.2638925,168.556625
2019-05-27 2:00,8.73069,171.009125
2019-05-27 3:00,8.398735,170.405
2019-05-27 4:00,8.07863375,173.375
2019-05-27 5:00,7.5935925,177.608125
2019-05-27 6:00,7.148096667,181.1497778
2019-05-27 7:00,6.68699875,183.782375
2019-05-27 8:00,6.60145625,184.826625
2019-05-27 9:00,6.494595,188.315375
2019-05-27 10:00,6.15145375,191.872875
2019-05-27 11:00,5.582735,199.14225
2019-05-27 12:00,4.811108889,215.7806667
2019-05-27 13:00,4.2875125,250.689875
2019-05-27 14:00,4.6082075,286.1985
2019-05-27 15:00,4.448275,303.89075
2019-05-27 16:00,3.74671125,305.057375
2019-05-27 17:00,3.41254,312.592
2019-05-27 18:00,4.048255556,237.4539542
2019-05-27 19:00,6.1227625,257.6190588
2019-05-27 20:00,6.506235,262.91317
2019-05-27 21:00,7.399925,139.55397
2019-05-27 22:00,7.7539125,184.0379588
2019-05-27 23:00,7.66758875,99.2536075
2019-05-28 0:00,8.326475556,128.7493427
2019-05-28 1:00,9.59896625,183.508575
2019-05-28 2:00,10.44467625,312.03455
2019-05-28 3:00,9.89358375,308.4829125
2019-05-28 4:00,8.8710775,261.1719063
2019-05-28 5:00,7.87707625,258.5922613
2019-05-28 6:00,7.159114444,297.1759849
2019-05-28 7:00,6.20965875,331.263
2019-05-28 8:00,6.00123625,322.3345
2019-05-28 9:00,6.0686975,310.2315
2019-05-28 10:00,6.19035625,302.115
2019-05-28 11:00,5.9289525,298.723125
2019-05-28 12:00,6.118273333,294.4281111
2019-05-28 13:00,5.51632625,289.176375
2019-05-28 14:00,4.610435,284.24
2019-05-28 15:00,3.36458125,278.53725
2019-05-28 16:00,2.32809,266.7775
2019-05-28 17:00,2.593265,220.546875
2019-05-28 18:00,4.038135556,190.34
2019-05-28 19:00,4.93254125,177.6435
2019-05-28 20:00,5.32212625,172.544125
2019-05-28 21:00,5.84200625,169.436
2019-05-28 22:00,6.60510375,167.691125
2019-05-28 23:00,6.90550625,171.831875
2019-05-29 0:00,7.074167778,193.1534444
2019-05-29 1:00,8.72651375,208.434625
2019-05-29 2:00,9.37080375,225.763625
2019-05-29 3:00,9.80743625,197.46755
2019-05-29 4:00,8.9560425,230.37275
2019-05-29 5:00,8.43520875,238.83175
2019-05-29 6:00,7.939795556,239.3386667
2019-05-29 7:00,7.06085375,238.86325
2019-05-29 8:00,6.7617375,236.162875
2019-05-29 9:00,6.57957125,233.24325
2019-05-29 10:00,6.1955725,229.390625
2019-05-29 11:00,5.29603375,223.978375
2019-05-29 12:00,4.791572222,219.5288889
2019-05-29 13:00,4.51221125,203.521625
2019-05-29 14:00,5.13513625,185.555875
2019-05-29 15:00,6.066105,177.00325
2019-05-29 16:00,6.087905,168.681375
2019-05-29 17:00,6.46119,163.17525
2019-05-29 18:00,6.525311111,158.6455556
2019-05-29 19:00,6.7045875,160.056875
2019-05-29 20:00,6.5587025,159.540625
2019-05-29 21:00,6.672265,158.62025
2019-05-29 22:00,6.72353875,157.586375
2019-05-29 23:00,6.82626125,160.401625
2019-05-30 0:00,7.12986,160.4485556
2019-05-30 1:00,7.13276,164.52825
2019-05-30 2:00,7.103835,178.673125
2019-05-30 3:00,7.095235,188.966375
2019-05-30 4:00,6.8840775,197.845
2019-05-30 5:00,5.8598725,199.258625
2019-05-30 6:00,5.117842222,197.1471111
2019-05-30 7:00,5.39164875,188.968125
2019-05-30 8:00,5.19599375,183.5815
2019-05-30 9:00,5.40052125,182.76625
2019-05-30 10:00,5.4472325,183.56
2019-05-30 11:00,5.069485,181.327
2019-05-30 12:00,5.27323,183.1143333
2019-05-30 13:00,5.6430525,178.0515
2019-05-30 14:00,5.8934975,171.881
2019-05-30 15:00,6.39208875,162.129
2019-05-30 16:00,7.2057125,154.811125
2019-05-30 17:00,7.78024,151.44
2019-05-30 18:00,8.382525556,151.4647778
2019-05-30 19:00,9.1321925,152.669
2019-05-30 20:00,9.8721725,151.050375
2019-05-30 21:00,10.8346375,154.01025
2019-05-30 22:00,11.65014625,160.486625
2019-05-30 23:00,12.18792125,167.356
2019-05-31 0:00,12.3722,173.1232222
2019-05-31 1:00,12.2011125,176.095875
2019-05-31 2:00,12.083975,176.719375
2019-05-31 3:00,12.3910375,175.8705
2019-05-31 4:00,12.1261625,175.3795
2019-05-31 5:00,12.103675,172.843625
2019-05-31 6:00,12.13425,172.38325
2019-05-31 7:00,12.26408571,174.3364286
2019-05-31 8:00,12.16725714,178.6118571
2019-05-31 9:00,11.49602857,181.2987143
2019-05-31 10:00,10.74475857,184.5427143
2019-05-31 11:00,9.956837143,188.477
2019-05-31 12:00,9.240638571,193.7251429
2019-05-31 13:00,8.373315,205.6216667
2019-05-31 14:00,8.145301667,215.8326667
2019-05-31 15:00,7.658098333,227.2625
2019-05-31 16:00,6.637695,232.5291667
2019-05-31 17:00,5.16289,226.8916667
2019-05-31 18:00,3.961106667,216.9781667
2019-05-31 19:00,3.748682,239.1928
2019-05-31 20:00,3.468816,265.1598
2019-05-31 21:00,3.0139974,210.14914
2019-05-31 22:00,2.704162,163.46666
2019-05-31 23:00,2.5414514,113.03738
2019-06-01 0:00,3.607602,144.6012
2019-06-01 1:00,5.03905,139.948075
2019-06-01 2:00,5.8563975,64.4046
2019-06-01 3:00,5.872885,67.980525
2019-06-01 4:00,5.446375,71.952275
2019-06-01 5:00,5.0667775,78.994675
2019-06-01 6:00,4.663425,90.611725
2019-06-01 7:00,4.483803333,87.5723
2019-06-01 8:00,3.87841,110.5789
2019-06-01 9:00,3.885236667,136.4470333
2019-06-01 10:00,4.046966667,149.4099667
2019-06-01 11:00,3.809286667,162.1333333
2019-06-01 12:00,3.756853333,176.7533333
2019-06-01 13:00,4.262915,182.0245
2019-06-01 14:00,4.399145,179.66
2019-06-01 15:00,5.19737,171.339
2019-06-01 16:00,6.6344,170.52
2019-06-01 17:00,6.630905,179.8515
2019-06-01 18:00,5.47366,180.5395
2019-06-01 19:00,6.61351,148.927
2019-06-01 20:00,7.81937,152.62
2019-06-01 21:00,7.81622,158.986
2019-06-01 22:00,7.75451,163.993
2019-06-01 23:00,7.57155,168.876
2019-06-02 0:00,8.09794,177.885
2019-11-01 0:00,13.9965,197.986
2019-11-01 1:00,14.9412,196.183
2019-11-01 2:00,15.6005,199.474
2019-11-01 3:00,16.9972,199.691
2019-11-01 4:00,17.4007,195.869
2019-11-01 5:00,18.4453,198.313
2019-11-01 6:00,16.96625,198.501
2019-11-01 7:00,17.46435,192.6115
2019-11-01 8:00,17.6193,193.3355
2019-11-01 9:00,17.49115,194.234
2019-11-01 10:00,17.70335,195.2745
2019-11-01 11:00,17.90535,190.2055
2019-11-01 12:00,18.01363333,187.8843333
2019-11-01 13:00,19.03966667,188.945
2019-11-01 14:00,18.76783333,192.288
2019-11-01 15:00,19.6276,196.561
2019-11-01 16:00,20.33196667,204.4516667
2019-11-01 17:00,20.7882,212.9693333
2019-11-01 18:00,18.345,213.33
2019-11-01 19:00,16.61055,231.25775
2019-11-01 20:00,17.797,233.294
2019-11-01 21:00,18.507475,235.6805
2019-11-01 22:00,18.99435,243.4705
2019-11-01 23:00,19.12225,250.981
2019-11-02 0:00,18.1555,254.9146
2019-11-02 1:00,17.19796,256.768
2019-11-02 2:00,16.63706,257.3092
2019-11-02 3:00,16.33626,259.3378
2019-11-02 4:00,15.68864,262.6344
2019-11-02 5:00,14.88664,267.435
2019-11-02 6:00,13.836,271.3078333
2019-11-02 7:00,13.32381667,277.516
2019-11-02 8:00,12.64378333,285.2725
2019-11-02 9:00,11.90468333,291.0845
2019-11-02 10:00,11.12683333,295.9
2019-11-02 11:00,10.26985,299.446
2019-11-02 12:00,9.405452857,301.3317143
2019-11-02 13:00,8.247382857,304.8871429
2019-11-02 14:00,7.03581,307.7041429
2019-11-02 15:00,5.935852857,309.5178571
2019-11-02 16:00,4.779397143,313.0744286
2019-11-02 17:00,3.598565714,316.4025714
2019-11-02 18:00,2.37979,321.35325
2019-11-02 19:00,0.951267125,276.4593475
2019-11-02 20:00,0.747050625,150.777525
2019-11-02 21:00,2.1485175,144.260125
2019-11-02 22:00,3.15579875,141.43525
2019-11-02 23:00,3.98393,139.07425
2019-11-03 0:00,4.967306667,136.1904444
2019-11-03 1:00,5.85886625,134.442125
2019-11-03 2:00,6.22776375,135.710875
2019-11-03 3:00,6.42437875,137.474
2019-11-03 4:00,6.4279275,138.21225
2019-11-03 5:00,6.43749375,143.45775
2019-11-03 6:00,6.344488889,147.5496667
2019-11-03 7:00,6.25440375,154.78475
2019-11-03 8:00,6.65235625,169.329
2019-11-03 9:00,6.4653425,176.798375
2019-11-03 10:00,6.2839125,185.9545
2019-11-03 11:00,6.55664,196.95525
2019-11-03 12:00,5.157041111,205.8163333
2019-11-03 13:00,4.8175375,220.9595
2019-11-03 14:00,5.41550125,244.82175
2019-11-03 15:00,5.65283625,258.796375
2019-11-03 16:00,6.26120625,261.652
2019-11-03 17:00,7.05576,261.04525
2019-11-03 18:00,7.154726667,254.2034444
2019-11-03 19:00,7.19960625,250.53825
2019-11-03 20:00,7.874055,250.061875
2019-11-03 21:00,8.5648925,249.869625
2019-11-03 22:00,9.12651375,246.565125
2019-11-03 23:00,9.46120625,249.314875
2019-11-04 0:00,9.177944444,255.83
2019-11-04 1:00,9.2363375,260.668125
2019-11-04 2:00,9.43134,266.360625
2019-11-04 3:00,8.85001625,269.3205
2019-11-04 4:00,7.99132625,268.06425
2019-11-04 5:00,7.40394625,262.652375
2019-11-04 6:00,6.938163333,254.0225556
2019-11-04 7:00,6.8881525,250.069875
2019-11-04 8:00,7.31836,250.59125
2019-11-04 9:00,7.86400875,255.3425
2019-11-04 10:00,8.46616375,258.257875
2019-11-04 11:00,9.0497525,260.3025
2019-11-04 12:00,9.046775556,263.0622222
2019-11-04 13:00,8.75605375,265.222
2019-11-04 14:00,8.48671125,267.0785
2019-11-04 15:00,8.1367375,266.25175
2019-11-04 16:00,7.63097875,260.822
2019-11-04 17:00,7.33718625,254.77825
2019-11-04 18:00,7.192295556,248.7788889
2019-11-04 19:00,7.655155,246.674
2019-11-04 20:00,8.0567425,249.344375
2019-11-04 21:00,8.2734375,250.990875
2019-11-04 22:00,8.44065,253.067625
2019-11-04 23:00,7.6000625,253.78425
2019-11-05 0:00,6.466548889,255.7634444
2019-11-05 1:00,5.09663,258.39825
2019-11-05 2:00,4.0070225,244.07925
2019-11-05 3:00,4.76343,215.105125
2019-11-05 4:00,5.24094,208.831625
2019-11-05 5:00,5.70110125,207.367125
2019-11-05 6:00,6.348003333,201.7166667
2019-11-05 7:00,7.146015,191.60375
2019-11-05 8:00,7.4339125,187.253625
2019-11-05 9:00,7.9059575,185.641875
2019-11-05 10:00,8.50955125,182.381
2019-11-05 11:00,9.6257025,181.63475
2019-11-05 12:00,10.01006889,179.9423333
2019-11-05 13:00,10.34275125,179.2845
2019-11-05 14:00,10.689425,180.709625
2019-11-05 15:00,10.8212625,181.205625
2019-11-05 16:00,11.0780625,183.17625
2019-11-05 17:00,11.05455,183.7915
2019-11-05 18:00,11.00161778,181.3635556
2019-11-05 19:00,10.9984,179.827
2019-11-05 20:00,11.135825,178.790625
2019-11-05 21:00,11.4517875,178.35775
2019-11-05 22:00,11.5157125,175.423625
2019-11-05 23:00,12.1669625,173.29525
2019-11-06 0:00,12.2599,174.748
2019-11-06 1:00,12.1104125,177.773375
2019-11-06 2:00,11.832,171.942625
2019-11-06 3:00,12.4844375,166.16875
2019-11-06 4:00,13.6059125,168.845625
2019-11-06 5:00,12.27005,180.8445
2019-11-06 6:00,10.06279889,218.6768889
2019-11-06 7:00,7.26115625,240.3175
2019-11-06 8:00,7.3143825,248.83
2019-11-06 9:00,7.09319625,248.514875
2019-11-06 10:00,8.04118625,258.5735
2019-11-06 11:00,9.1800025,267.007875
2019-11-06 12:00,10.93957111,270.5577778
2019-11-06 13:00,12.1487,270.918625
2019-11-06 14:00,12.292725,270.903375
2019-11-06 15:00,12.0864625,269.494625
2019-11-06 16:00,12.2791,268.205125
2019-11-06 17:00,12.3871625,266.4355
2019-11-06 18:00,13.25656667,263.0297778
2019-11-06 19:00,15.094725,266.72225
2019-11-06 20:00,15.4733875,267.7295
2019-11-06 21:00,15.7574625,266.4645
2019-11-06 22:00,16.291,270.45825
2019-11-06 23:00,16.4233625,273.393625
2019-11-07 0:00,15.78345556,274.4284444
2019-11-07 1:00,14.9845,275.122125
2019-11-07 2:00,14.4784,274.93025
2019-11-07 3:00,13.9967125,275.19725
2019-11-07 4:00,13.440275,273.76125
2019-11-07 5:00,12.9057125,270.423625
2019-11-07 6:00,11.90867444,265.8882222
2019-11-07 7:00,10.89977375,260.07025
2019-11-07 8:00,9.80954875,254.8075
2019-11-07 9:00,8.9203725,248.022
2019-11-07 10:00,8.382285,240.67525
2019-11-07 11:00,8.13765125,235.45325
2019-11-07 12:00,7.777558889,231.297
2019-11-07 13:00,7.589605,228.854375
2019-11-07 14:00,7.23459125,226.668
2019-11-07 15:00,6.0666075,220.851375
2019-11-07 16:00,5.68224375,220.57575
2019-11-07 17:00,6.49825625,237.901625
2019-11-07 18:00,6.187007778,233.7597778
2019-11-07 19:00,5.60942875,239.744875
2019-11-07 20:00,4.5469675,242.054
2019-11-07 21:00,3.17972125,268.774
2019-11-07 22:00,2.1979985,259.68675
2019-11-07 23:00,2.24113125,203.1425838
2019-11-08 0:00,2.166816778,166.3823556
2019-11-08 1:00,3.041718625,144.9243
2019-11-08 2:00,3.885205,184.6567375
2019-11-08 3:00,4.57535875,152.608175
2019-11-08 4:00,5.432095,31.904355
2019-11-08 5:00,6.59898875,31.16789125
2019-11-08 6:00,7.203563333,30.28666111
2019-11-08 7:00,7.8201125,30.93317125
2019-11-08 8:00,8.25504375,32.2868625
2019-11-08 9:00,8.89985,77.8935125
2019-11-08 10:00,9.186495,34.97631488
2019-11-08 11:00,9.34454375,81.0469875
2019-11-08 12:00,9.002715556,77.31125556
2019-11-08 13:00,9.06874,39.9470625
2019-11-08 14:00,9.24304375,39.157225
2019-11-08 15:00,9.80422,34.58125
2019-11-08 16:00,10.30105875,29.954775
2019-11-08 17:00,10.95611,22.5027075
2019-11-08 18:00,11.35498889,55.944985
2019-11-08 19:00,11.46105875,144.5594625
2019-11-08 20:00,11.742545,135.3705475
2019-11-08 21:00,11.70460125,218.6505375
2019-11-08 22:00,11.5066875,258.14252
2019-11-08 23:00,11.6511875,343.45875
2019-11-09 0:00,12.5224,337.1588889
2019-11-09 1:00,14.0629875,332.803375
2019-11-09 2:00,14.4900375,330.83225
2019-11-09 3:00,14.10905,329.8145
2019-11-09 4:00,13.6445,328.285375
2019-11-09 5:00,13.7085,328.283125
2019-11-09 6:00,13.57841111,324.7596667
2019-11-09 7:00,14.1036875,318.8305
2019-11-09 8:00,14.335,316.099
2019-11-09 9:00,13.8719125,313.36825
2019-11-09 10:00,13.1754125,309.975625
2019-11-09 11:00,12.5682875,306.281625
2019-11-09 12:00,11.78283333,301.765
2019-11-09 13:00,10.87850875,296.227375
2019-11-09 14:00,10.03914,291.468625
2019-11-09 15:00,9.06037875,283.76
2019-11-09 16:00,8.09631125,272.115875
2019-11-09 17:00,7.75736125,258.1025
2019-11-09 18:00,8.316681111,248.2852222
2019-11-09 19:00,8.85535,242.44975
2019-11-09 20:00,9.54480375,238.695875
2019-11-09 21:00,10.1750225,239.384
2019-11-09 22:00,10.44365125,241.134625
2019-11-09 23:00,10.08911875,238.463
2019-11-10 0:00,10.00029556,230.0737778
2019-11-10 1:00,10.81657375,225.952125
2019-11-10 2:00,11.080385,228.299875
2019-11-10 3:00,11.15505,230.1435
2019-11-10 4:00,11.0493625,231.960875
2019-11-10 5:00,10.4717125,228.046375
2019-11-10 6:00,9.335457778,219.3141111
2019-11-10 7:00,8.96502875,213.04275
2019-11-10 8:00,9.02387875,211.037
2019-11-10 9:00,9.09074625,210.886375
2019-11-10 10:00,9.12127125,207.51275
2019-11-10 11:00,9.2683775,201.975375
2019-11-10 12:00,9.355116667,198.4453333
2019-11-10 13:00,10.13155125,202.237125
2019-11-10 14:00,10.56329125,208.84175
2019-11-10 15:00,10.770925,209.069
2019-11-10 16:00,10.6836875,202.86775
2019-11-10 17:00,10.5748375,194.73775
2019-11-10 18:00,11.01786667,189.0297778
2019-11-10 19:00,12.702025,189.627
2019-11-10 20:00,13.732125,192.532625
2019-11-10 21:00,13.8280625,193.636125
2019-11-10 22:00,13.6691375,196.97975
2019-11-10 23:00,13.5217125,198.302875
2019-11-11 0:00,12.55593111,201.4357778
2019-11-11 1:00,12.056725,210.10575
2019-11-11 2:00,11.965475,220.477625
2019-11-11 3:00,11.7616375,227.2005
2019-11-11 4:00,11.3254375,232.393375
2019-11-11 5:00,11.0273875,238.12575
2019-11-11 6:00,10.31961222,241.7381111
2019-11-11 7:00,9.71102375,243.24075
2019-11-11 8:00,9.22123125,247.995125
2019-11-11 9:00,9.1141425,255.866875
2019-11-11 10:00,8.906945,271.69075
2019-11-11 11:00,9.06310625,309.143125
2019-11-11 12:00,9.411256667,322.7665556
2019-11-11 13:00,9.62206,320.395375
2019-11-11 14:00,8.7756175,315.787375
2019-11-11 15:00,8.18410875,313.15275
2019-11-11 16:00,8.03764625,310.296
2019-11-11 17:00,7.5739825,307.317375
2019-11-11 18:00,6.683093333,306.3037778
2019-11-11 19:00,6.2431375,306.780125
2019-11-11 20:00,5.90359375,311.016125
2019-11-11 21:00,5.7056425,318.421
2019-11-11 22:00,5.36056375,327.398125
2019-11-11 23:00,4.57228,330.510125
2019-11-12 0:00,3.870342222,302.3333556
2019-11-12 1:00,3.8762825,186.81379
2019-11-12 2:00,3.83977375,26.21172375
2019-11-12 3:00,3.52081125,45.2124125
2019-11-12 4:00,4.23833,58.4446375
2019-11-12 5:00,4.68145375,65.6625125
2019-11-12 6:00,4.679156667,60.06485556
2019-11-12 7:00,5.27303625,61.6275875
2019-11-12 8:00,6.66494375,70.3803875
2019-11-12 9:00,7.45762875,81.6692375
2019-11-12 10:00,8.2151575,84.8513375
2019-11-12 11:00,8.3858925,87.572975
2019-11-12 12:00,9.021332222,91.74196667
2019-11-12 13:00,7.94466,103.5031125
2019-11-12 14:00,7.33594625,125.6826
2019-11-12 15:00,8.06924875,153.7716125
2019-11-12 16:00,6.94613625,178.420925
2019-11-12 17:00,7.21243125,186.6545
2019-11-12 18:00,7.925317778,186.6717778
2019-11-12 19:00,9.16416875,186.44525
2019-11-12 20:00,10.2938925,184.216125
2019-11-12 21:00,11.42773125,197.774875
2019-11-12 22:00,11.961525,197.240375
2019-11-12 23:00,11.62424875,214.245125
2019-11-13 0:00,9.79605,239.0837778
2019-11-13 1:00,10.44323375,241.15675
2019-11-13 2:00,10.97604125,245.92925
2019-11-13 3:00,11.5217925,244.495875
2019-11-13 4:00,11.6753125,247.14375
2019-11-13 5:00,11.754125,249.551375
2019-11-13 6:00,11.74996667,251.4765556
2019-11-13 7:00,12.3048,256.247875
2019-11-13 8:00,12.711825,257.1085
2019-11-13 9:00,13.0944875,257.12975
2019-11-13 10:00,13.703025,257.743875
2019-11-13 11:00,14.1922125,257.937625
2019-11-13 12:00,14.38323333,259.1933333
2019-11-13 13:00,14.5664375,262.46275
2019-11-13 14:00,14.312,265.94025
2019-11-13 15:00,13.984025,268.92075
2019-11-13 16:00,14.0521625,272.112
2019-11-13 17:00,14.900475,278.411875
2019-11-13 18:00,15.20917778,283.9728889
2019-11-13 19:00,15.7416,289.966125
2019-11-13 20:00,16.375575,293.600875
2019-11-13 21:00,16.8494375,295.787625
2019-11-13 22:00,17.0416625,298.943
2019-11-13 23:00,16.901425,300.815375
2019-11-14 0:00,16.32167778,301.9432222
2019-11-14 1:00,15.572025,303.425375
2019-11-14 2:00,15.007375,306.907875
2019-11-14 3:00,14.3076875,309.02075
2019-11-14 4:00,13.635525,310.863875
2019-11-14 5:00,13.100575,312.145375
2019-11-14 6:00,12.17612222,314.3272222
2019-11-14 7:00,10.7480125,311.738125
2019-11-14 8:00,9.68252375,308.134
2019-11-14 9:00,8.6445675,306.315625
2019-11-14 10:00,7.68291125,307.1705
2019-11-14 11:00,6.90095,306.51475
2019-11-14 12:00,5.730942222,302.233
2019-11-14 13:00,4.5780075,294.3165
2019-11-14 14:00,3.23666875,281.9465
2019-11-14 15:00,2.8316475,248.329
2019-11-14 16:00,3.506945,222.989125
2019-11-14 17:00,4.42651375,209.8165
2019-11-14 18:00,5.18035,202.8008889
2019-11-14 19:00,5.7182375,200.808375
2019-11-14 20:00,6.43975,203.30875
2019-11-14 21:00,7.17372875,203.078625
2019-11-14 22:00,7.70650125,199.62075
2019-11-14 23:00,8.36172125,197.31025
2019-11-15 0:00,8.597372222,188.4144444
2019-11-15 1:00,9.84049875,177.8535
2019-11-15 2:00,11.2767625,180.400875
2019-11-15 3:00,12.083825,182.973625
2019-11-15 4:00,12.6466875,187.400625
2019-11-15 5:00,12.4316,190.54
2019-11-15 6:00,12.1091,187.2326667
2019-11-15 7:00,12.353675,184.738375
2019-11-15 8:00,12.684325,182.312125
2019-11-15 9:00,13.3166625,179.84125
2019-11-15 10:00,14.11695,180.104625
2019-11-15 11:00,14.02435,182.209
2019-11-15 12:00,13.60045556,183.3085556
2019-11-15 13:00,13.0185625,185.305
2019-11-15 14:00,13.2535375,185.30475
2019-11-15 15:00,13.6651625,189.40675
2019-11-15 16:00,13.3728375,199.62625
2019-11-15 17:00,12.9523625,213.666625
2019-11-15 18:00,13.18157778,225.2253333
2019-11-15 19:00,12.8061875,230.1935
2019-11-15 20:00,12.7888125,232.7455
2019-11-15 21:00,12.41935,235.819125
2019-11-15 22:00,11.9237625,241.075
2019-11-15 23:00,12.0294625,246.21575
2019-11-16 0:00,12.37356667,245.4936667
2019-11-16 1:00,12.672875,232.707
2019-11-16 2:00,13.4201,233.22825
2019-11-16 3:00,13.8352875,248.41275
2019-11-16 4:00,15.1320625,286.865
2019-11-16 5:00,16.367275,291.693125
2019-11-16 6:00,16.19236667,286.6522222
2019-11-16 7:00,16.871275,285.769125
2019-11-16 8:00,17.6279875,284.38575
2019-11-16 9:00,18.2227125,281.1215
2019-11-16 10:00,18.45015,283.6355
2019-11-16 11:00,18.0040625,286.05025
2019-11-16 12:00,17.29934444,286.1225556
2019-11-16 13:00,16.8878125,286.31825
2019-11-16 14:00,16.65875,287.77825
2019-11-16 15:00,16.390575,290.05825
2019-11-16 16:00,16.5231625,294.119625
2019-11-16 17:00,16.87245,299.749125
2019-11-16 18:00,16.83348889,303.3357778
2019-11-16 19:00,16.79375,305.066375
2019-11-16 20:00,16.8411375,305.1365
2019-11-16 21:00,16.502775,304.935625
2019-11-16 22:00,16.0721125,305.8505
2019-11-16 23:00,15.5595625,307.44875
2019-11-17 0:00,14.76956667,307.0775556
2019-11-17 1:00,14.0369375,304.41325
2019-11-17 2:00,13.5192875,302.871875
2019-11-17 3:00,13.1231875,302.71275
2019-11-17 4:00,12.797575,304.11525
2019-11-17 5:00,12.3026125,307.520375
2019-11-17 6:00,11.34262667,310.4698889
2019-11-17 7:00,10.61137,310.3935
2019-11-17 8:00,10.06467125,311.958
2019-11-17 9:00,9.38589875,315.10775
2019-11-17 10:00,8.93103875,321.430875
2019-11-17 11:00,8.46083875,327.578
2019-11-17 12:00,7.196111111,326.9781111
2019-11-17 13:00,5.89895,316.563125
2019-11-17 14:00,5.039435,305.5325
2019-11-17 15:00,4.45660375,300.3195
2019-11-17 16:00,3.78444,296.209
2019-11-17 17:00,3.16702125,282.498875
2019-11-17 18:00,2.697393333,264.3057778
2019-11-17 19:00,2.344015,238.79275
2019-11-17 20:00,2.5197,215.501375
2019-11-17 21:00,2.89094375,205.941625
2019-11-17 22:00,3.42637,202.097875
2019-11-17 23:00,3.65858875,203.18425
2019-11-18 0:00,4.332108889,200.1456667
2019-11-18 1:00,4.71941625,200.85325
2019-11-18 2:00,4.4774125,202.531875
2019-11-18 3:00,4.1437825,202.801
2019-11-18 4:00,4.1807025,199.81175
2019-11-18 5:00,3.7085525,193.021125
2019-11-18 6:00,3.349086667,179.7804444
2019-11-18 7:00,2.578795,161.7585
2019-11-18 8:00,2.79246375,141.677875
2019-11-18 9:00,3.4863625,118.77475
2019-11-18 10:00,4.61383875,104.1246125
2019-11-18 11:00,5.519955,102.282825
2019-11-18 12:00,6.230017778,102.3678444
2019-11-18 13:00,6.004645,93.295925
2019-11-18 14:00,5.88271,89.7238375
2019-11-18 15:00,5.5349825,84.68465
2019-11-18 16:00,5.839655,84.9296875
2019-11-18 17:00,6.9881025,85.199625
2019-11-18 18:00,7.439364444,82.00108889
2019-11-18 19:00,7.7858675,79.00745
2019-11-18 20:00,8.24550625,77.0861
2019-11-18 21:00,8.7412375,71.576875
2019-11-18 22:00,8.985765,69.6541125
2019-11-18 23:00,8.90164,63.371275
2019-11-19 0:00,9.143941111,58.9536
2019-11-19 1:00,9.06196875,59.892275
2019-11-19 2:00,9.8270475,56.1750125
2019-11-19 3:00,10.9522775,51.4991125
2019-11-19 4:00,11.67034625,50.12835
2019-11-19 5:00,12.2805125,48.7579
2019-11-19 6:00,12.34292222,47.14995556
2019-11-19 7:00,12.4534625,44.725275
2019-11-19 8:00,12.509175,42.0678125
2019-11-19 9:00,12.3244625,40.715925
2019-11-19 10:00,11.8053125,37.3684375
2019-11-19 11:00,11.6459375,33.255625
2019-11-19 12:00,11.59694444,30.3382
2019-11-19 13:00,11.1129125,27.7293625
2019-11-19 14:00,10.793715,27.47105
2019-11-19 15:00,10.60762,23.8404
2019-11-19 16:00,9.74522625,22.6532
2019-11-19 17:00,8.72254375,20.93568375
2019-11-19 18:00,8.334528889,16.36913111
2019-11-19 19:00,7.87147875,101.5092838
2019-11-19 20:00,7.21319375,97.15104625
2019-11-19 21:00,6.50050375,91.8177675
2019-11-19 22:00,6.33957375,175.7966256
2019-11-19 23:00,6.3770075,303.3931875
2019-11-20 0:00,6.791936667,301.4196578
2019-11-20 1:00,6.90025875,337.80025
2019-11-20 2:00,6.59770875,340.144625
2019-11-20 3:00,6.30919875,301.1951113
2019-11-20 4:00,6.13958375,219.3588413
2019-11-20 5:00,6.1637575,180.0017313
2019-11-20 6:00,5.934538889,127.5701478
2019-11-20 7:00,5.7139225,103.302675
2019-11-20 8:00,5.94900125,20.2274975
2019-11-20 9:00,6.08488375,25.7587
2019-11-20 10:00,6.71735375,25.74048
2019-11-20 11:00,7.17275125,24.1093375
2019-11-20 12:00,7.281474444,27.40312222
2019-11-20 13:00,7.48718375,30.759025
2019-11-20 14:00,7.6462275,30.7719
2019-11-20 15:00,7.81342125,34.2846125
2019-11-20 16:00,8.27977125,33.888525
2019-11-20 17:00,8.64676,34.6823
2019-11-20 18:00,9.082738889,33.76315556
2019-11-20 19:00,9.30815875,33.759175
2019-11-20 20:00,10.025835,33.8554
2019-11-20 21:00,10.3873125,34.6482375
2019-11-20 22:00,10.6410875,35.4899125
2019-11-20 23:00,10.6565875,34.5805875
2019-11-21 0:00,10.58980444,33.19186667
2019-11-21 1:00,10.67175875,30.64735
2019-11-21 2:00,10.50509875,29.9145
2019-11-21 3:00,10.4586825,27.4174625
2019-11-21 4:00,10.39915125,27.5860375
2019-11-21 5:00,10.58663125,26.5383625
2019-11-21 6:00,11.03222222,23.49123333
2019-11-21 7:00,11.3625125,22.3458375
2019-11-21 8:00,11.538025,22.730625
2019-11-21 9:00,11.7841875,22.0644875
2019-11-21 10:00,12.0785875,19.936425
2019-11-21 11:00,12.023425,18.2066875
2019-11-21 12:00,11.77893333,16.44657778
2019-11-21 13:00,11.5907875,13.06708375
2019-11-21 14:00,11.6413375,10.8802425
2019-11-21 15:00,11.695675,8.56677625
2019-11-21 16:00,11.5985,7.50955125
2019-11-21 17:00,11.4170875,6.70860875
2019-11-21 18:00,11.27244444,44.34604111
2019-11-21 19:00,11.0459,47.23424125
2019-11-21 20:00,10.962325,179.429995
2019-11-21 21:00,10.65285,135.05507
2019-11-21 22:00,9.93109625,47.96621688
2019-11-21 23:00,9.3562875,137.2263075
2019-11-22 0:00,8.471441111,45.90801778
2019-11-22 1:00,7.70080875,49.428347
2019-11-22 2:00,6.83565625,96.9600025
2019-11-22 3:00,6.1896925,135.7360875
2019-11-22 4:00,5.484165,137.416117
2019-11-22 5:00,4.6534475,265.0432413
2019-11-22 6:00,3.997803333,194.6865164
2019-11-22 7:00,3.29660625,261.325675
2019-11-22 8:00,3.486951625,298.069625
2019-11-22 9:00,3.8014625,271.992375
2019-11-22 10:00,3.5964225,257.572875
2019-11-22 11:00,3.73263875,237.0265
2019-11-22 12:00,4.036735556,214.5996667
2019-11-22 13:00,5.32996125,199.869625
2019-11-22 14:00,6.16746,184.98775
2019-11-22 15:00,7.353065,172.35075
2019-11-22 16:00,8.39263125,166.16275
2019-11-22 17:00,9.57828375,161.546125
2019-11-22 18:00,10.50591667,164.36
2019-11-22 19:00,11.4397125,161.247875
2019-11-22 20:00,12.579925,157.82375
2019-11-22 21:00,13.7301625,156.56025
2019-11-22 22:00,13.91145,158.473625
2019-11-22 23:00,13.316975,163.661125
2019-11-23 0:00,12.30215889,168.7222222
2019-11-23 1:00,10.2948225,179.78075
2019-11-23 2:00,8.715725,222.675625
2019-11-23 3:00,9.01701,248.4135
2019-11-23 4:00,10.8665275,266.665125
2019-11-23 5:00,11.6518175,269.270125
2019-11-23 6:00,11.46140889,267.1702222
2019-11-23 7:00,12.44875,273.657
2019-11-23 8:00,14.4723,280.438625
2019-11-23 9:00,15.94145,284.940375
2019-11-23 10:00,16.3343125,285.272875
2019-11-23 11:00,17.0008625,285.615875
2019-11-23 12:00,17.14981111,285.9254444
2019-11-23 13:00,17.5061625,287.2945
2019-11-23 14:00,17.580825,287.387
2019-11-23 15:00,17.10915,286.332375
2019-11-23 16:00,16.542325,285.50075
2019-11-23 17:00,16.252875,285.5435
2019-11-23 18:00,15.75342222,283.5965556
2019-11-23 19:00,15.43145,281.039125
2019-11-23 20:00,15.4305375,280.16375
2019-11-23 21:00,15.346075,283.1305
2019-11-23 22:00,14.7224625,286.277875
2019-11-23 23:00,14.2308125,285.004
2019-11-24 0:00,13.82622222,282.8988889
2019-11-24 1:00,13.189225,283.02625
2019-11-24 2:00,12.265325,282.925875
2019-11-24 3:00,11.125775,283.5505
2019-11-24 4:00,10.24195375,280.373125
2019-11-24 5:00,9.46878375,274.124375
2019-11-24 6:00,9.364751111,266.6761111
2019-11-24 7:00,9.259405,265.15
2019-11-24 8:00,8.70106125,269.967625
2019-11-24 9:00,7.92923125,271.78175
2019-11-24 10:00,7.31593,269.91325
2019-11-24 11:00,6.85532125,264.233875
2019-11-24 12:00,5.920061111,264.3017778
2019-11-24 13:00,4.4391725,267.736
2019-11-24 14:00,3.3997125,261.10025
2019-11-24 15:00,2.7129425,239.89225
2019-11-24 16:00,2.16915125,216.008125
2019-11-24 17:00,2.13325125,182.126375
2019-11-24 18:00,2.509915556,156.3638889
2019-11-24 19:00,3.229725,130.096125
2019-11-24 20:00,4.1866975,116.078125
2019-11-24 21:00,5.26533125,108.006425
2019-11-24 22:00,6.20464125,105.6071875
2019-11-24 23:00,6.99815375,97.4039
2019-11-25 0:00,7.800664444,95.27441111
2019-11-25 1:00,8.748975,85.912875
2019-11-25 2:00,9.82944125,84.925825
2019-11-25 3:00,10.65300625,82.9977375
2019-11-25 4:00,12.05745,78.0393625
2019-11-25 5:00,13.3557125,71.9069625
2019-11-25 6:00,14.20888889,71.72618889
2019-11-25 7:00,14.0918,74.2999375
2019-11-25 8:00,14.129625,78.2464
2019-11-25 9:00,13.1676875,79.8721625
2019-11-25 10:00,11.236225,78.9038375
2019-11-25 11:00,8.2979225,74.997175
2019-11-25 12:00,5.531514667,57.24684444
2019-11-25 13:00,5.60109375,169.9349125
2019-11-25 14:00,7.461145,206.7034113
2019-11-25 15:00,12.318075,327.16875
2019-11-25 16:00,15.4188375,317.763875
2019-11-25 17:00,16.6074125,314.06925
2019-11-25 18:00,15.86692222,304.0318889
2019-11-25 19:00,14.8493125,296.184875
2019-11-25 20:00,14.0194125,289.84725
2019-11-25 21:00,13.8360625,284.702625
2019-11-25 22:00,14.188,283.074625
2019-11-25 23:00,13.8967125,282.41675
2019-11-26 0:00,12.96234444,278.177
2019-11-26 1:00,12.3368125,273.027875
2019-11-26 2:00,12.4274,269.470125
2019-11-26 3:00,12.5087,268.85925
2019-11-26 4:00,12.3599,269.649375
2019-11-26 5:00,12.10175,269.743125
2019-11-26 6:00,11.64536667,268.5027778
2019-11-26 7:00,11.1703625,266.943
2019-11-26 8:00,11.022125,263.185875
2019-11-26 9:00,11.0183125,260.69525
2019-11-26 10:00,10.91151875,260.526
2019-11-26 11:00,11.0250875,259.989625
2019-11-26 12:00,10.85509111,258.9661111
2019-11-26 13:00,10.2955525,259.793
2019-11-26 14:00,9.6421075,260.08425
2019-11-26 15:00,9.01825875,257.422625
2019-11-26 16:00,8.8347525,256.243875
2019-11-26 17:00,8.484855,255.51
2019-11-26 18:00,7.961643333,252.721
2019-11-26 19:00,7.49200375,248.885
2019-11-26 20:00,7.4817675,245.2515
2019-11-26 21:00,7.40512875,240.429375
2019-11-26 22:00,7.22372375,234.596875
2019-11-26 23:00,6.9045575,228.062375
2019-11-27 0:00,6.507666667,223.3224444
2019-11-27 1:00,6.32714875,223.984
2019-11-27 2:00,7.038785,232.368875
2019-11-27 3:00,8.200565,252.933625
2019-11-27 4:00,9.98151375,268.6065
2019-11-27 5:00,11.0018775,282.324125
2019-11-27 6:00,10.31025889,293.9824444
2019-11-27 7:00,9.781295,295.215
2019-11-27 8:00,9.74692875,295.611
2019-11-27 9:00,9.8805875,296.971625
2019-11-27 10:00,10.1417675,299.896
2019-11-27 11:00,10.55817375,301.41725
2019-11-27 12:00,10.69574111,302.3248889
2019-11-27 13:00,10.7961375,302.9095
2019-11-27 14:00,10.6877175,303.909125
2019-11-27 15:00,10.11625,302.251375
2019-11-27 16:00,9.36851875,300.767125
2019-11-27 17:00,8.5798775,298.216
2019-11-27 18:00,8.045635556,292.297
2019-11-27 19:00,7.63538,294.847
2019-11-27 20:00,7.22187,301.27575
2019-11-27 21:00,6.76184125,304.896125
2019-11-27 22:00,6.2021325,308.623125
2019-11-27 23:00,5.77404125,322.5175
2019-11-28 0:00,5.211172222,343.381
2019-11-28 1:00,4.58414125,183.4893575
2019-11-28 2:00,4.35828125,69.980775
2019-11-28 3:00,3.8579125,47.7829875
2019-11-28 4:00,3.8037125,68.1362
2019-11-28 5:00,4.48390625,72.091025
2019-11-28 6:00,5.00619,77.20126667
2019-11-28 7:00,6.721525,78.1092875
2019-11-28 8:00,6.99819125,71.6546
2019-11-28 9:00,7.661555,63.905475
2019-11-28 10:00,8.15371875,59.4054125
2019-11-28 11:00,8.44715375,55.8587625
2019-11-28 12:00,9.094573333,56.12758889
2019-11-28 13:00,9.97061375,52.9808875
2019-11-28 14:00,10.4894425,48.7514
2019-11-28 15:00,10.98046125,45.5898125
2019-11-28 16:00,11.765125,41.0162875
2019-11-28 17:00,12.6679375,37.0284125
2019-11-28 18:00,13.69903333,32.60692222
2019-11-28 19:00,14.2264375,28.1254625
2019-11-28 20:00,15.1469375,23.84505
2019-11-28 21:00,15.7061125,21.3339125
2019-11-28 22:00,16.1052125,20.1019125
2019-11-28 23:00,16.4123625,19.2720625
2019-11-29 0:00,16.4208,17.67756667
2019-11-29 1:00,16.652,15.04955375
2019-11-29 2:00,16.6593875,14.6842775
2019-11-29 3:00,16.4860375,15.156675
2019-11-29 4:00,16.3563375,13.626215
2019-11-29 5:00,16.6921625,9.2292475
2019-11-29 6:00,16.95084444,45.74444111
2019-11-29 7:00,17.57235,137.6607413
2019-11-29 8:00,17.8389125,180.7554413
2019-11-29 9:00,18.03485,223.3812493
2019-11-29 10:00,18.30655,355.896125
2019-11-29 11:00,18.2104,354.807125
2019-11-29 12:00,17.77677778,354.1614444
2019-11-29 13:00,17.4397625,353.954875
2019-11-29 14:00,17.4059875,352.84175
2019-11-29 15:00,17.201625,352.068625
2019-11-29 16:00,17.0805125,349.908625
2019-11-29 17:00,17.2519625,345.76525
2019-11-29 18:00,17.33462222,341.3174444
2019-11-29 19:00,17.63605,338.221125
2019-11-29 20:00,17.9073625,338.135875
2019-11-29 21:00,18.2878625,338.002125
2019-11-29 22:00,18.6928125,336.423625
2019-11-29 23:00,18.9801375,334.259125
2019-11-30 0:00,19.03183333,332.6121111
2019-11-30 1:00,19.1356375,332.408125
2019-11-30 2:00,19.28315,332.86075
2019-11-30 3:00,19.1428,333.172875
2019-11-30 4:00,19.0085125,333.296375
2019-11-30 5:00,18.967725,333.06
2019-11-30 6:00,18.835525,331.929375
2019-11-30 7:00,18.52081429,330.8751429
2019-11-30 8:00,18.41215714,329.8592857
2019-11-30 9:00,18.35642857,329.0861429
2019-11-30 10:00,18.33464286,328.7528571
2019-11-30 11:00,18.37158571,327.9132857
2019-11-30 12:00,18.4143,327.5627143
2019-11-30 13:00,18.34083333,327.9103333
2019-11-30 14:00,18.42316667,328.4213333
2019-11-30 15:00,18.37701667,328.6068333
2019-11-30 16:00,18.33855,328.7576667
2019-11-30 17:00,18.30241667,328.3778333
2019-11-30 18:00,18.3161,327.7971667
2019-11-30 19:00,18.1194,328.1414
2019-11-30 20:00,18.31116,327.3966
2019-11-30 21:00,18.62404,327.3468
2019-11-30 22:00,18.89626,328.1444
2019-11-30 23:00,18.89802,329.3704
2019-12-01 0:00,18.65794,330.3622
2019-12-01 1:00,18.18105,329.6805
2019-12-01 2:00,17.739875,329.13075
2019-12-01 3:00,17.135125,328.3895
2019-12-01 4:00,16.42265,327.17325
2019-12-01 5:00,15.6196,325.6495
2019-12-01 6:00,14.795475,324.60425
2019-12-01 7:00,13.82223333,324.059
2019-12-01 8:00,13.2831,322.9853333
2019-12-01 9:00,12.67326667,323.9583333
2019-12-01 10:00,12.0332,326.008
2019-12-01 11:00,11.2842,329.7353333
2019-12-01 12:00,10.32353,333.5526667
2019-12-01 13:00,9.680005,334.914
2019-12-01 14:00,9.220535,334.128
2019-12-01 15:00,8.721025,335.1225
2019-12-01 16:00,8.18507,332.5745
2019-12-01 17:00,7.698615,331.4365
2019-12-01 18:00,6.891735,327.2115
2019-12-01 19:00,6.67722,314.247
2019-12-01 20:00,6.44321,306.024
2019-12-01 21:00,6.50728,312.58
2019-12-01 22:00,6.53122,306.911
2019-12-01 23:00,6.87755,308.118
2019-12-02 0:00,6.99327,317.258